# Annotazioni dei componenti di terze parti - traguardo T-03, criterio 5.
#
# Formato dichiarato in pipeline/README-COMPONENTI.md. Dati separati da tabulazione, righe di
# commento con «#». Il controllo scripts/verifica-registro-componenti.sh confronta questo file con
# la distinta generata e FA FALLIRE la costruzione quando un componente è presente nella distinta
# e assente da qui, oppure quando un componente ha licenza segnata come incompatibile o
# indeterminabile. Modificare questo file senza leggere il README produce quasi sempre un errore
# che il README avrebbe evitato.
#
componente	versione	licenza_dichiarata	compatibilita_apache_2_0	motivo_inclusione	canale_di_avviso
@docusaurus/core	3.10.2	MIT	compatibile	Motore di generazione della documentazione Docusaurus. Costruisce il sito statico di Telemedic dalla guida dei fondamenti e dalla documentazione delle nove aree: panoramica, technical, architecture, functional, protocols, domain, integration, compliance, roadmap.	https://github.com/facebook/docusaurus/releases
@docusaurus/preset-classic	3.10.2	MIT	compatibile	Preset classico di Docusaurus: fornisce layout, tema, navigazione e struttura standard per il sito. È la spina dorsale dell'esperienza di lettura della documentazione.	https://github.com/facebook/docusaurus/releases
@docusaurus/theme-mermaid	3.10.2	MIT	compatibile	Tema per integrazione di diagrammi Mermaid nella documentazione. Abilita la rappresentazione visuale di architetture, flussi e relazioni documentate in prosa.	https://github.com/facebook/docusaurus/releases
@easyops-cn/docusaurus-search-local	0.54.1	MIT	compatibile	Ricerca locale per il sito, senza alcun servizio esterno di indicizzazione (criterio 2 di T-07). Costruisce un indice separato per ciascuna locale (italiano e inglese) alla costruzione del sito stesso: nessuna candidatura, nessuna coda di indicizzazione, nessun invio dei contenuti a un terzo. Licenza verificata sul file LICENSE del repository sorgente (non sulla sola dichiarazione di package.json) il 26 agosto 2026.	https://github.com/easyops-cn/docusaurus-search-local/releases
@mdx-js/react	3.1.1	MIT	compatibile	Parser MDX (Markdown eXtended) per React. Estende il markdown con componenti React, abilitando la documentazione interattiva e i componenti personalizzati all'interno del corpus.	https://github.com/mdx-js/mdx/releases
clsx	2.1.1	MIT	compatibile	Utility per composizione condizionale di classi CSS nei componenti React. Usato nei componenti Docusaurus per la logica di stile condizionale.	https://github.com/lukeed/clsx/releases
prism-react-renderer	2.4.1	MIT	compatibile	Evidenziazione sintattica per blocchi di codice nella documentazione. Fornisce syntax highlighting per linguaggi di programmazione citati negli esempi e nella guida tecnica.	https://github.com/FormidableLabs/prism-react-renderer/releases
react	18.3.1	MIT	compatibile	Libreria JavaScript per costruzione di interfacce utente. Base di Docusaurus e di tutti i componenti React utilizzati nel sito.	https://github.com/facebook/react/releases
react-dom	18.3.1	MIT	compatibile	Binding React per il DOM del browser. Consente a React di renderizzare componenti nel browser per il sito statico Docusaurus.	https://github.com/facebook/react/releases

# --- Righe generate da scripts/genera-annotazioni-componenti.py ---
# Componenti TRANSITIVI: il progetto non li ha scelti. La compatibilita' e'
# DERIVATA dall'identificativo SPDX dichiarato, non da una lettura del testo
# della licenza. Le righe sopra questo blocco sono scritte a mano e non si
# rigenerano: sono le dipendenze che il progetto ha scelto.
@11ty/gray-matter	1.0.0	MIT	compatibile	Dipendenza transitiva: il progetto non l'ha scelta, la tira @docusaurus/utils. La ragione della sua presenza e' quella del componente che la richiede.	https://github.com/fedcal/Telemedic/security/dependabot
@algolia/abtesting	1.23.0	MIT	compatibile	Dipendenza transitiva: il progetto non l'ha scelta, la tira algoliasearch. La ragione della sua presenza e' quella del componente che la richiede.	https://github.com/fedcal/Telemedic/security/dependabot
@algolia/autocomplete-core	1.19.9	MIT	compatibile	Dipendenza transitiva: il progetto non l'ha scelta, la tira @docusaurus/theme-search-algolia. La ragione della sua presenza e' quella del componente che la richiede.	https://github.com/fedcal/Telemedic/security/dependabot
@algolia/autocomplete-plugin-algolia-insights	1.19.9	MIT	compatibile	Dipendenza transitiva: il progetto non l'ha scelta, la tira @algolia/autocomplete-core. La ragione della sua presenza e' quella del componente che la richiede.	https://github.com/fedcal/Telemedic/security/dependabot
@algolia/autocomplete-shared	1.19.9	MIT	compatibile	Dipendenza transitiva: il progetto non l'ha scelta, la tira @algolia/autocomplete-core, @algolia/autocomplete-plugin-algolia-insights. La ragione della sua presenza e' quella del componente che la richiede.	https://github.com/fedcal/Telemedic/security/dependabot
@algolia/client-abtesting	5.57.0	MIT	compatibile	Dipendenza transitiva: il progetto non l'ha scelta, la tira algoliasearch. La ragione della sua presenza e' quella del componente che la richiede.	https://github.com/fedcal/Telemedic/security/dependabot
@algolia/client-analytics	5.57.0	MIT	compatibile	Dipendenza transitiva: il progetto non l'ha scelta, la tira algoliasearch. La ragione della sua presenza e' quella del componente che la richiede.	https://github.com/fedcal/Telemedic/security/dependabot
@algolia/client-common	5.57.0	MIT	compatibile	Dipendenza transitiva: il progetto non l'ha scelta, la tira @algolia/abtesting, @algolia/client-abtesting, @algolia/client-analytics e altri 11. La ragione della sua presenza e' quella del componente che la richiede.	https://github.com/fedcal/Telemedic/security/dependabot
@algolia/client-insights	5.57.0	MIT	compatibile	Dipendenza transitiva: il progetto non l'ha scelta, la tira algoliasearch. La ragione della sua presenza e' quella del componente che la richiede.	https://github.com/fedcal/Telemedic/security/dependabot
@algolia/client-personalization	5.57.0	MIT	compatibile	Dipendenza transitiva: il progetto non l'ha scelta, la tira algoliasearch. La ragione della sua presenza e' quella del componente che la richiede.	https://github.com/fedcal/Telemedic/security/dependabot
@algolia/client-query-suggestions	5.57.0	MIT	compatibile	Dipendenza transitiva: il progetto non l'ha scelta, la tira algoliasearch. La ragione della sua presenza e' quella del componente che la richiede.	https://github.com/fedcal/Telemedic/security/dependabot
@algolia/client-search	5.57.0	MIT	compatibile	Dipendenza transitiva: il progetto non l'ha scelta, la tira @algolia/autocomplete-shared, algoliasearch. La ragione della sua presenza e' quella del componente che la richiede.	https://github.com/fedcal/Telemedic/security/dependabot
@algolia/events	4.0.1	MIT	compatibile	Dipendenza transitiva: il progetto non l'ha scelta, la tira algoliasearch-helper. La ragione della sua presenza e' quella del componente che la richiede.	https://github.com/fedcal/Telemedic/security/dependabot
@algolia/ingestion	1.57.0	MIT	compatibile	Dipendenza transitiva: il progetto non l'ha scelta, la tira algoliasearch. La ragione della sua presenza e' quella del componente che la richiede.	https://github.com/fedcal/Telemedic/security/dependabot
@algolia/monitoring	1.57.0	MIT	compatibile	Dipendenza transitiva: il progetto non l'ha scelta, la tira algoliasearch. La ragione della sua presenza e' quella del componente che la richiede.	https://github.com/fedcal/Telemedic/security/dependabot
@algolia/recommend	5.57.0	MIT	compatibile	Dipendenza transitiva: il progetto non l'ha scelta, la tira algoliasearch. La ragione della sua presenza e' quella del componente che la richiede.	https://github.com/fedcal/Telemedic/security/dependabot
@algolia/requester-browser-xhr	5.57.0	MIT	compatibile	Dipendenza transitiva: il progetto non l'ha scelta, la tira @algolia/abtesting, @algolia/client-abtesting, @algolia/client-analytics e altri 8. La ragione della sua presenza e' quella del componente che la richiede.	https://github.com/fedcal/Telemedic/security/dependabot
@algolia/requester-fetch	5.57.0	MIT	compatibile	Dipendenza transitiva: il progetto non l'ha scelta, la tira @algolia/abtesting, @algolia/client-abtesting, @algolia/client-analytics e altri 8. La ragione della sua presenza e' quella del componente che la richiede.	https://github.com/fedcal/Telemedic/security/dependabot
@algolia/requester-node-http	5.57.0	MIT	compatibile	Dipendenza transitiva: il progetto non l'ha scelta, la tira @algolia/abtesting, @algolia/client-abtesting, @algolia/client-analytics e altri 8. La ragione della sua presenza e' quella del componente che la richiede.	https://github.com/fedcal/Telemedic/security/dependabot
@antfu/install-pkg	1.1.0	MIT	compatibile	Dipendenza transitiva: il progetto non l'ha scelta, la tira @iconify/utils. La ragione della sua presenza e' quella del componente che la richiede.	https://github.com/fedcal/Telemedic/security/dependabot
@babel/code-frame	7.29.7	MIT	compatibile	Dipendenza transitiva: il progetto non l'ha scelta, la tira @babel/core, @babel/template, @babel/traverse e altri 1. La ragione della sua presenza e' quella del componente che la richiede.	https://github.com/fedcal/Telemedic/security/dependabot
@babel/compat-data	7.29.7	MIT	compatibile	Dipendenza transitiva: il progetto non l'ha scelta, la tira @babel/helper-compilation-targets, @babel/preset-env, babel-plugin-polyfill-corejs2. La ragione della sua presenza e' quella del componente che la richiede.	https://github.com/fedcal/Telemedic/security/dependabot
@babel/core	7.29.7	MIT	compatibile	Dipendenza transitiva: il progetto non l'ha scelta, la tira @babel/helper-create-class-features-plugin, @babel/helper-create-regexp-features-plugin, @babel/helper-define-polyfill-provider e altri 96. La ragione della sua presenza e' quella del componente che la richiede.	https://github.com/fedcal/Telemedic/security/dependabot
@babel/generator	7.29.8	MIT	compatibile	Dipendenza transitiva: il progetto non l'ha scelta, la tira @babel/core, @babel/traverse, @docusaurus/babel. La ragione della sua presenza e' quella del componente che la richiede.	https://github.com/fedcal/Telemedic/security/dependabot
@babel/helper-annotate-as-pure	7.29.7	MIT	compatibile	Dipendenza transitiva: il progetto non l'ha scelta, la tira @babel/helper-create-class-features-plugin, @babel/helper-create-regexp-features-plugin, @babel/helper-remap-async-to-generator e altri 5. La ragione della sua presenza e' quella del componente che la richiede.	https://github.com/fedcal/Telemedic/security/dependabot
@babel/helper-compilation-targets	7.29.7	MIT	compatibile	Dipendenza transitiva: il progetto non l'ha scelta, la tira @babel/core, @babel/helper-define-polyfill-provider, @babel/plugin-transform-classes e altri 3. La ragione della sua presenza e' quella del componente che la richiede.	https://github.com/fedcal/Telemedic/security/dependabot
@babel/helper-create-class-features-plugin	7.29.7	MIT	compatibile	Dipendenza transitiva: il progetto non l'ha scelta, la tira @babel/plugin-transform-class-properties, @babel/plugin-transform-class-static-block, @babel/plugin-transform-private-methods e altri 2. La ragione della sua presenza e' quella del componente che la richiede.	https://github.com/fedcal/Telemedic/security/dependabot
@babel/helper-create-regexp-features-plugin	7.29.7	MIT	compatibile	Dipendenza transitiva: il progetto non l'ha scelta, la tira @babel/plugin-syntax-unicode-sets-regex, @babel/plugin-transform-dotall-regex, @babel/plugin-transform-duplicate-named-capturing-groups-regex e altri 5. La ragione della sua presenza e' quella del componente che la richiede.	https://github.com/fedcal/Telemedic/security/dependabot
@babel/helper-define-polyfill-provider	0.6.8	MIT	compatibile	Dipendenza transitiva: il progetto non l'ha scelta, la tira babel-plugin-polyfill-corejs2, babel-plugin-polyfill-corejs3, babel-plugin-polyfill-regenerator. La ragione della sua presenza e' quella del componente che la richiede.	https://github.com/fedcal/Telemedic/security/dependabot
@babel/helper-globals	7.29.7	MIT	compatibile	Dipendenza transitiva: il progetto non l'ha scelta, la tira @babel/plugin-transform-classes, @babel/traverse. La ragione della sua presenza e' quella del componente che la richiede.	https://github.com/fedcal/Telemedic/security/dependabot
@babel/helper-member-expression-to-functions	7.29.7	MIT	compatibile	Dipendenza transitiva: il progetto non l'ha scelta, la tira @babel/helper-create-class-features-plugin, @babel/helper-replace-supers. La ragione della sua presenza e' quella del componente che la richiede.	https://github.com/fedcal/Telemedic/security/dependabot
@babel/helper-module-imports	7.29.7	MIT	compatibile	Dipendenza transitiva: il progetto non l'ha scelta, la tira @babel/helper-module-transforms, @babel/plugin-transform-async-to-generator, @babel/plugin-transform-react-jsx e altri 1. La ragione della sua presenza e' quella del componente che la richiede.	https://github.com/fedcal/Telemedic/security/dependabot
@babel/helper-module-transforms	7.29.7	MIT	compatibile	Dipendenza transitiva: il progetto non l'ha scelta, la tira @babel/core, @babel/plugin-transform-modules-amd, @babel/plugin-transform-modules-commonjs e altri 2. La ragione della sua presenza e' quella del componente che la richiede.	https://github.com/fedcal/Telemedic/security/dependabot
@babel/helper-optimise-call-expression	7.29.7	MIT	compatibile	Dipendenza transitiva: il progetto non l'ha scelta, la tira @babel/helper-create-class-features-plugin, @babel/helper-replace-supers. La ragione della sua presenza e' quella del componente che la richiede.	https://github.com/fedcal/Telemedic/security/dependabot
@babel/helper-plugin-utils	7.29.7	MIT	compatibile	Dipendenza transitiva: il progetto non l'ha scelta, la tira @babel/helper-define-polyfill-provider, @babel/plugin-bugfix-firefox-class-in-computed-class-key, @babel/plugin-bugfix-safari-class-field-initializer-scope e altri 71. La ragione della sua presenza e' quella del componente che la richiede.	https://github.com/fedcal/Telemedic/security/dependabot
@babel/helper-remap-async-to-generator	7.29.7	MIT	compatibile	Dipendenza transitiva: il progetto non l'ha scelta, la tira @babel/plugin-transform-async-generator-functions, @babel/plugin-transform-async-to-generator. La ragione della sua presenza e' quella del componente che la richiede.	https://github.com/fedcal/Telemedic/security/dependabot
@babel/helper-replace-supers	7.29.7	MIT	compatibile	Dipendenza transitiva: il progetto non l'ha scelta, la tira @babel/helper-create-class-features-plugin, @babel/plugin-transform-classes, @babel/plugin-transform-object-super. La ragione della sua presenza e' quella del componente che la richiede.	https://github.com/fedcal/Telemedic/security/dependabot
@babel/helper-skip-transparent-expression-wrappers	7.29.7	MIT	compatibile	Dipendenza transitiva: il progetto non l'ha scelta, la tira @babel/helper-create-class-features-plugin, @babel/plugin-bugfix-safari-rest-destructuring-rhs-array, @babel/plugin-bugfix-v8-spread-parameters-in-optional-chaining e altri 4. La ragione della sua presenza e' quella del componente che la richiede.	https://github.com/fedcal/Telemedic/security/dependabot
@babel/helper-string-parser	7.29.7	MIT	compatibile	Dipendenza transitiva: il progetto non l'ha scelta, la tira @babel/types. La ragione della sua presenza e' quella del componente che la richiede.	https://github.com/fedcal/Telemedic/security/dependabot
@babel/helper-validator-identifier	7.29.7	MIT	compatibile	Dipendenza transitiva: il progetto non l'ha scelta, la tira @babel/code-frame, @babel/helper-module-transforms, @babel/plugin-transform-modules-systemjs e altri 1. La ragione della sua presenza e' quella del componente che la richiede.	https://github.com/fedcal/Telemedic/security/dependabot
@babel/helper-validator-option	7.29.7	MIT	compatibile	Dipendenza transitiva: il progetto non l'ha scelta, la tira @babel/helper-compilation-targets, @babel/preset-env, @babel/preset-react e altri 1. La ragione della sua presenza e' quella del componente che la richiede.	https://github.com/fedcal/Telemedic/security/dependabot
@babel/helper-wrap-function	7.29.7	MIT	compatibile	Dipendenza transitiva: il progetto non l'ha scelta, la tira @babel/helper-remap-async-to-generator. La ragione della sua presenza e' quella del componente che la richiede.	https://github.com/fedcal/Telemedic/security/dependabot
@babel/helpers	7.29.7	MIT	compatibile	Dipendenza transitiva: il progetto non l'ha scelta, la tira @babel/core. La ragione della sua presenza e' quella del componente che la richiede.	https://github.com/fedcal/Telemedic/security/dependabot
@babel/parser	7.29.8	MIT	compatibile	Dipendenza transitiva: il progetto non l'ha scelta, la tira @babel/core, @babel/generator, @babel/template e altri 1. La ragione della sua presenza e' quella del componente che la richiede.	https://github.com/fedcal/Telemedic/security/dependabot
@babel/plugin-bugfix-firefox-class-in-computed-class-key	7.29.7	MIT	compatibile	Dipendenza transitiva: il progetto non l'ha scelta, la tira @babel/preset-env. La ragione della sua presenza e' quella del componente che la richiede.	https://github.com/fedcal/Telemedic/security/dependabot
@babel/plugin-bugfix-safari-class-field-initializer-scope	7.29.7	MIT	compatibile	Dipendenza transitiva: il progetto non l'ha scelta, la tira @babel/preset-env. La ragione della sua presenza e' quella del componente che la richiede.	https://github.com/fedcal/Telemedic/security/dependabot
@babel/plugin-bugfix-safari-id-destructuring-collision-in-function-expression	7.29.7	MIT	compatibile	Dipendenza transitiva: il progetto non l'ha scelta, la tira @babel/preset-env. La ragione della sua presenza e' quella del componente che la richiede.	https://github.com/fedcal/Telemedic/security/dependabot
@babel/plugin-bugfix-safari-rest-destructuring-rhs-array	7.29.7	MIT	compatibile	Dipendenza transitiva: il progetto non l'ha scelta, la tira @babel/preset-env. La ragione della sua presenza e' quella del componente che la richiede.	https://github.com/fedcal/Telemedic/security/dependabot
@babel/plugin-bugfix-v8-spread-parameters-in-optional-chaining	7.29.7	MIT	compatibile	Dipendenza transitiva: il progetto non l'ha scelta, la tira @babel/preset-env. La ragione della sua presenza e' quella del componente che la richiede.	https://github.com/fedcal/Telemedic/security/dependabot
@babel/plugin-bugfix-v8-static-class-fields-redefine-readonly	7.29.7	MIT	compatibile	Dipendenza transitiva: il progetto non l'ha scelta, la tira @babel/preset-env. La ragione della sua presenza e' quella del componente che la richiede.	https://github.com/fedcal/Telemedic/security/dependabot
@babel/plugin-proposal-private-property-in-object	7.21.0-placeholder-for-preset-env.2	MIT	compatibile	Dipendenza transitiva: il progetto non l'ha scelta, la tira @babel/preset-env. La ragione della sua presenza e' quella del componente che la richiede.	https://github.com/fedcal/Telemedic/security/dependabot
@babel/plugin-syntax-dynamic-import	7.8.3	MIT	compatibile	Dipendenza transitiva: il progetto non l'ha scelta, la tira @docusaurus/babel. La ragione della sua presenza e' quella del componente che la richiede.	https://github.com/fedcal/Telemedic/security/dependabot
@babel/plugin-syntax-import-assertions	7.29.7	MIT	compatibile	Dipendenza transitiva: il progetto non l'ha scelta, la tira @babel/preset-env. La ragione della sua presenza e' quella del componente che la richiede.	https://github.com/fedcal/Telemedic/security/dependabot
@babel/plugin-syntax-import-attributes	7.29.7	MIT	compatibile	Dipendenza transitiva: il progetto non l'ha scelta, la tira @babel/preset-env. La ragione della sua presenza e' quella del componente che la richiede.	https://github.com/fedcal/Telemedic/security/dependabot
@babel/plugin-syntax-jsx	7.29.7	MIT	compatibile	Dipendenza transitiva: il progetto non l'ha scelta, la tira @babel/plugin-transform-react-jsx, @babel/preset-typescript. La ragione della sua presenza e' quella del componente che la richiede.	https://github.com/fedcal/Telemedic/security/dependabot
@babel/plugin-syntax-typescript	7.29.7	MIT	compatibile	Dipendenza transitiva: il progetto non l'ha scelta, la tira @babel/plugin-transform-typescript. La ragione della sua presenza e' quella del componente che la richiede.	https://github.com/fedcal/Telemedic/security/dependabot
@babel/plugin-syntax-unicode-sets-regex	7.18.6	MIT	compatibile	Dipendenza transitiva: il progetto non l'ha scelta, la tira @babel/preset-env. La ragione della sua presenza e' quella del componente che la richiede.	https://github.com/fedcal/Telemedic/security/dependabot
@babel/plugin-transform-arrow-functions	7.29.7	MIT	compatibile	Dipendenza transitiva: il progetto non l'ha scelta, la tira @babel/preset-env. La ragione della sua presenza e' quella del componente che la richiede.	https://github.com/fedcal/Telemedic/security/dependabot
@babel/plugin-transform-async-generator-functions	7.29.7	MIT	compatibile	Dipendenza transitiva: il progetto non l'ha scelta, la tira @babel/preset-env. La ragione della sua presenza e' quella del componente che la richiede.	https://github.com/fedcal/Telemedic/security/dependabot
@babel/plugin-transform-async-to-generator	7.29.7	MIT	compatibile	Dipendenza transitiva: il progetto non l'ha scelta, la tira @babel/preset-env. La ragione della sua presenza e' quella del componente che la richiede.	https://github.com/fedcal/Telemedic/security/dependabot
@babel/plugin-transform-block-scoped-functions	7.29.7	MIT	compatibile	Dipendenza transitiva: il progetto non l'ha scelta, la tira @babel/preset-env. La ragione della sua presenza e' quella del componente che la richiede.	https://github.com/fedcal/Telemedic/security/dependabot
@babel/plugin-transform-block-scoping	7.29.7	MIT	compatibile	Dipendenza transitiva: il progetto non l'ha scelta, la tira @babel/preset-env. La ragione della sua presenza e' quella del componente che la richiede.	https://github.com/fedcal/Telemedic/security/dependabot
@babel/plugin-transform-class-properties	7.29.7	MIT	compatibile	Dipendenza transitiva: il progetto non l'ha scelta, la tira @babel/preset-env. La ragione della sua presenza e' quella del componente che la richiede.	https://github.com/fedcal/Telemedic/security/dependabot
@babel/plugin-transform-class-static-block	7.29.7	MIT	compatibile	Dipendenza transitiva: il progetto non l'ha scelta, la tira @babel/preset-env. La ragione della sua presenza e' quella del componente che la richiede.	https://github.com/fedcal/Telemedic/security/dependabot
@babel/plugin-transform-classes	7.29.7	MIT	compatibile	Dipendenza transitiva: il progetto non l'ha scelta, la tira @babel/preset-env. La ragione della sua presenza e' quella del componente che la richiede.	https://github.com/fedcal/Telemedic/security/dependabot
@babel/plugin-transform-computed-properties	7.29.7	MIT	compatibile	Dipendenza transitiva: il progetto non l'ha scelta, la tira @babel/preset-env. La ragione della sua presenza e' quella del componente che la richiede.	https://github.com/fedcal/Telemedic/security/dependabot
@babel/plugin-transform-destructuring	7.29.7	MIT	compatibile	Dipendenza transitiva: il progetto non l'ha scelta, la tira @babel/plugin-transform-explicit-resource-management, @babel/plugin-transform-object-rest-spread, @babel/preset-env. La ragione della sua presenza e' quella del componente che la richiede.	https://github.com/fedcal/Telemedic/security/dependabot
@babel/plugin-transform-dotall-regex	7.29.7	MIT	compatibile	Dipendenza transitiva: il progetto non l'ha scelta, la tira @babel/preset-env. La ragione della sua presenza e' quella del componente che la richiede.	https://github.com/fedcal/Telemedic/security/dependabot
@babel/plugin-transform-duplicate-keys	7.29.7	MIT	compatibile	Dipendenza transitiva: il progetto non l'ha scelta, la tira @babel/preset-env. La ragione della sua presenza e' quella del componente che la richiede.	https://github.com/fedcal/Telemedic/security/dependabot
@babel/plugin-transform-duplicate-named-capturing-groups-regex	7.29.7	MIT	compatibile	Dipendenza transitiva: il progetto non l'ha scelta, la tira @babel/preset-env. La ragione della sua presenza e' quella del componente che la richiede.	https://github.com/fedcal/Telemedic/security/dependabot
@babel/plugin-transform-dynamic-import	7.29.7	MIT	compatibile	Dipendenza transitiva: il progetto non l'ha scelta, la tira @babel/preset-env. La ragione della sua presenza e' quella del componente che la richiede.	https://github.com/fedcal/Telemedic/security/dependabot
@babel/plugin-transform-explicit-resource-management	7.29.7	MIT	compatibile	Dipendenza transitiva: il progetto non l'ha scelta, la tira @babel/preset-env. La ragione della sua presenza e' quella del componente che la richiede.	https://github.com/fedcal/Telemedic/security/dependabot
@babel/plugin-transform-exponentiation-operator	7.29.7	MIT	compatibile	Dipendenza transitiva: il progetto non l'ha scelta, la tira @babel/preset-env. La ragione della sua presenza e' quella del componente che la richiede.	https://github.com/fedcal/Telemedic/security/dependabot
@babel/plugin-transform-export-namespace-from	7.29.7	MIT	compatibile	Dipendenza transitiva: il progetto non l'ha scelta, la tira @babel/preset-env. La ragione della sua presenza e' quella del componente che la richiede.	https://github.com/fedcal/Telemedic/security/dependabot
@babel/plugin-transform-for-of	7.29.7	MIT	compatibile	Dipendenza transitiva: il progetto non l'ha scelta, la tira @babel/preset-env. La ragione della sua presenza e' quella del componente che la richiede.	https://github.com/fedcal/Telemedic/security/dependabot
@babel/plugin-transform-function-name	7.29.7	MIT	compatibile	Dipendenza transitiva: il progetto non l'ha scelta, la tira @babel/preset-env. La ragione della sua presenza e' quella del componente che la richiede.	https://github.com/fedcal/Telemedic/security/dependabot
@babel/plugin-transform-json-strings	7.29.7	MIT	compatibile	Dipendenza transitiva: il progetto non l'ha scelta, la tira @babel/preset-env. La ragione della sua presenza e' quella del componente che la richiede.	https://github.com/fedcal/Telemedic/security/dependabot
@babel/plugin-transform-literals	7.29.7	MIT	compatibile	Dipendenza transitiva: il progetto non l'ha scelta, la tira @babel/preset-env. La ragione della sua presenza e' quella del componente che la richiede.	https://github.com/fedcal/Telemedic/security/dependabot
@babel/plugin-transform-logical-assignment-operators	7.29.7	MIT	compatibile	Dipendenza transitiva: il progetto non l'ha scelta, la tira @babel/preset-env. La ragione della sua presenza e' quella del componente che la richiede.	https://github.com/fedcal/Telemedic/security/dependabot
@babel/plugin-transform-member-expression-literals	7.29.7	MIT	compatibile	Dipendenza transitiva: il progetto non l'ha scelta, la tira @babel/preset-env. La ragione della sua presenza e' quella del componente che la richiede.	https://github.com/fedcal/Telemedic/security/dependabot
@babel/plugin-transform-modules-amd	7.29.7	MIT	compatibile	Dipendenza transitiva: il progetto non l'ha scelta, la tira @babel/preset-env. La ragione della sua presenza e' quella del componente che la richiede.	https://github.com/fedcal/Telemedic/security/dependabot
@babel/plugin-transform-modules-commonjs	7.29.7	MIT	compatibile	Dipendenza transitiva: il progetto non l'ha scelta, la tira @babel/preset-env, @babel/preset-typescript. La ragione della sua presenza e' quella del componente che la richiede.	https://github.com/fedcal/Telemedic/security/dependabot
@babel/plugin-transform-modules-systemjs	7.29.8	MIT	compatibile	Dipendenza transitiva: il progetto non l'ha scelta, la tira @babel/preset-env. La ragione della sua presenza e' quella del componente che la richiede.	https://github.com/fedcal/Telemedic/security/dependabot
@babel/plugin-transform-modules-umd	7.29.7	MIT	compatibile	Dipendenza transitiva: il progetto non l'ha scelta, la tira @babel/preset-env. La ragione della sua presenza e' quella del componente che la richiede.	https://github.com/fedcal/Telemedic/security/dependabot
@babel/plugin-transform-named-capturing-groups-regex	7.29.7	MIT	compatibile	Dipendenza transitiva: il progetto non l'ha scelta, la tira @babel/preset-env. La ragione della sua presenza e' quella del componente che la richiede.	https://github.com/fedcal/Telemedic/security/dependabot
@babel/plugin-transform-new-target	7.29.7	MIT	compatibile	Dipendenza transitiva: il progetto non l'ha scelta, la tira @babel/preset-env. La ragione della sua presenza e' quella del componente che la richiede.	https://github.com/fedcal/Telemedic/security/dependabot
@babel/plugin-transform-nullish-coalescing-operator	7.29.7	MIT	compatibile	Dipendenza transitiva: il progetto non l'ha scelta, la tira @babel/preset-env. La ragione della sua presenza e' quella del componente che la richiede.	https://github.com/fedcal/Telemedic/security/dependabot
@babel/plugin-transform-numeric-separator	7.29.7	MIT	compatibile	Dipendenza transitiva: il progetto non l'ha scelta, la tira @babel/preset-env. La ragione della sua presenza e' quella del componente che la richiede.	https://github.com/fedcal/Telemedic/security/dependabot
@babel/plugin-transform-object-rest-spread	7.29.7	MIT	compatibile	Dipendenza transitiva: il progetto non l'ha scelta, la tira @babel/preset-env. La ragione della sua presenza e' quella del componente che la richiede.	https://github.com/fedcal/Telemedic/security/dependabot
@babel/plugin-transform-object-super	7.29.7	MIT	compatibile	Dipendenza transitiva: il progetto non l'ha scelta, la tira @babel/preset-env. La ragione della sua presenza e' quella del componente che la richiede.	https://github.com/fedcal/Telemedic/security/dependabot
@babel/plugin-transform-optional-catch-binding	7.29.7	MIT	compatibile	Dipendenza transitiva: il progetto non l'ha scelta, la tira @babel/preset-env. La ragione della sua presenza e' quella del componente che la richiede.	https://github.com/fedcal/Telemedic/security/dependabot
@babel/plugin-transform-optional-chaining	7.29.7	MIT	compatibile	Dipendenza transitiva: il progetto non l'ha scelta, la tira @babel/plugin-bugfix-v8-spread-parameters-in-optional-chaining, @babel/preset-env. La ragione della sua presenza e' quella del componente che la richiede.	https://github.com/fedcal/Telemedic/security/dependabot
@babel/plugin-transform-parameters	7.29.7	MIT	compatibile	Dipendenza transitiva: il progetto non l'ha scelta, la tira @babel/plugin-transform-object-rest-spread, @babel/preset-env. La ragione della sua presenza e' quella del componente che la richiede.	https://github.com/fedcal/Telemedic/security/dependabot
@babel/plugin-transform-private-methods	7.29.7	MIT	compatibile	Dipendenza transitiva: il progetto non l'ha scelta, la tira @babel/preset-env. La ragione della sua presenza e' quella del componente che la richiede.	https://github.com/fedcal/Telemedic/security/dependabot
@babel/plugin-transform-private-property-in-object	7.29.7	MIT	compatibile	Dipendenza transitiva: il progetto non l'ha scelta, la tira @babel/preset-env. La ragione della sua presenza e' quella del componente che la richiede.	https://github.com/fedcal/Telemedic/security/dependabot
@babel/plugin-transform-property-literals	7.29.7	MIT	compatibile	Dipendenza transitiva: il progetto non l'ha scelta, la tira @babel/preset-env. La ragione della sua presenza e' quella del componente che la richiede.	https://github.com/fedcal/Telemedic/security/dependabot
@babel/plugin-transform-react-constant-elements	7.29.7	MIT	compatibile	Dipendenza transitiva: il progetto non l'ha scelta, la tira @svgr/webpack. La ragione della sua presenza e' quella del componente che la richiede.	https://github.com/fedcal/Telemedic/security/dependabot
@babel/plugin-transform-react-display-name	7.29.7	MIT	compatibile	Dipendenza transitiva: il progetto non l'ha scelta, la tira @babel/preset-react. La ragione della sua presenza e' quella del componente che la richiede.	https://github.com/fedcal/Telemedic/security/dependabot
@babel/plugin-transform-react-jsx	7.29.7	MIT	compatibile	Dipendenza transitiva: il progetto non l'ha scelta, la tira @babel/plugin-transform-react-jsx-development, @babel/preset-react. La ragione della sua presenza e' quella del componente che la richiede.	https://github.com/fedcal/Telemedic/security/dependabot
@babel/plugin-transform-react-jsx-development	7.29.7	MIT	compatibile	Dipendenza transitiva: il progetto non l'ha scelta, la tira @babel/preset-react. La ragione della sua presenza e' quella del componente che la richiede.	https://github.com/fedcal/Telemedic/security/dependabot
@babel/plugin-transform-react-pure-annotations	7.29.7	MIT	compatibile	Dipendenza transitiva: il progetto non l'ha scelta, la tira @babel/preset-react. La ragione della sua presenza e' quella del componente che la richiede.	https://github.com/fedcal/Telemedic/security/dependabot
@babel/plugin-transform-regenerator	7.29.8	MIT	compatibile	Dipendenza transitiva: il progetto non l'ha scelta, la tira @babel/preset-env. La ragione della sua presenza e' quella del componente che la richiede.	https://github.com/fedcal/Telemedic/security/dependabot
@babel/plugin-transform-regexp-modifiers	7.29.7	MIT	compatibile	Dipendenza transitiva: il progetto non l'ha scelta, la tira @babel/preset-env. La ragione della sua presenza e' quella del componente che la richiede.	https://github.com/fedcal/Telemedic/security/dependabot
@babel/plugin-transform-reserved-words	7.29.7	MIT	compatibile	Dipendenza transitiva: il progetto non l'ha scelta, la tira @babel/preset-env. La ragione della sua presenza e' quella del componente che la richiede.	https://github.com/fedcal/Telemedic/security/dependabot
@babel/plugin-transform-runtime	7.29.7	MIT	compatibile	Dipendenza transitiva: il progetto non l'ha scelta, la tira @docusaurus/babel. La ragione della sua presenza e' quella del componente che la richiede.	https://github.com/fedcal/Telemedic/security/dependabot
@babel/plugin-transform-shorthand-properties	7.29.7	MIT	compatibile	Dipendenza transitiva: il progetto non l'ha scelta, la tira @babel/preset-env. La ragione della sua presenza e' quella del componente che la richiede.	https://github.com/fedcal/Telemedic/security/dependabot
@babel/plugin-transform-spread	7.29.8	MIT	compatibile	Dipendenza transitiva: il progetto non l'ha scelta, la tira @babel/preset-env. La ragione della sua presenza e' quella del componente che la richiede.	https://github.com/fedcal/Telemedic/security/dependabot
@babel/plugin-transform-sticky-regex	7.29.7	MIT	compatibile	Dipendenza transitiva: il progetto non l'ha scelta, la tira @babel/preset-env. La ragione della sua presenza e' quella del componente che la richiede.	https://github.com/fedcal/Telemedic/security/dependabot
@babel/plugin-transform-template-literals	7.29.7	MIT	compatibile	Dipendenza transitiva: il progetto non l'ha scelta, la tira @babel/preset-env. La ragione della sua presenza e' quella del componente che la richiede.	https://github.com/fedcal/Telemedic/security/dependabot
@babel/plugin-transform-typeof-symbol	7.29.7	MIT	compatibile	Dipendenza transitiva: il progetto non l'ha scelta, la tira @babel/preset-env. La ragione della sua presenza e' quella del componente che la richiede.	https://github.com/fedcal/Telemedic/security/dependabot
@babel/plugin-transform-typescript	7.29.7	MIT	compatibile	Dipendenza transitiva: il progetto non l'ha scelta, la tira @babel/preset-typescript. La ragione della sua presenza e' quella del componente che la richiede.	https://github.com/fedcal/Telemedic/security/dependabot
@babel/plugin-transform-unicode-escapes	7.29.7	MIT	compatibile	Dipendenza transitiva: il progetto non l'ha scelta, la tira @babel/preset-env. La ragione della sua presenza e' quella del componente che la richiede.	https://github.com/fedcal/Telemedic/security/dependabot
@babel/plugin-transform-unicode-property-regex	7.29.7	MIT	compatibile	Dipendenza transitiva: il progetto non l'ha scelta, la tira @babel/preset-env. La ragione della sua presenza e' quella del componente che la richiede.	https://github.com/fedcal/Telemedic/security/dependabot
@babel/plugin-transform-unicode-regex	7.29.7	MIT	compatibile	Dipendenza transitiva: il progetto non l'ha scelta, la tira @babel/preset-env. La ragione della sua presenza e' quella del componente che la richiede.	https://github.com/fedcal/Telemedic/security/dependabot
@babel/plugin-transform-unicode-sets-regex	7.29.7	MIT	compatibile	Dipendenza transitiva: il progetto non l'ha scelta, la tira @babel/preset-env. La ragione della sua presenza e' quella del componente che la richiede.	https://github.com/fedcal/Telemedic/security/dependabot
@babel/preset-env	7.29.7	MIT	compatibile	Dipendenza transitiva: il progetto non l'ha scelta, la tira @docusaurus/babel, @svgr/webpack. La ragione della sua presenza e' quella del componente che la richiede.	https://github.com/fedcal/Telemedic/security/dependabot
@babel/preset-modules	0.1.6-no-external-plugins	MIT	compatibile	Dipendenza transitiva: il progetto non l'ha scelta, la tira @babel/preset-env. La ragione della sua presenza e' quella del componente che la richiede.	https://github.com/fedcal/Telemedic/security/dependabot
@babel/preset-react	7.29.7	MIT	compatibile	Dipendenza transitiva: il progetto non l'ha scelta, la tira @docusaurus/babel, @svgr/webpack. La ragione della sua presenza e' quella del componente che la richiede.	https://github.com/fedcal/Telemedic/security/dependabot
@babel/preset-typescript	7.29.7	MIT	compatibile	Dipendenza transitiva: il progetto non l'ha scelta, la tira @docusaurus/babel, @svgr/webpack. La ragione della sua presenza e' quella del componente che la richiede.	https://github.com/fedcal/Telemedic/security/dependabot
@babel/runtime	7.29.7	MIT	compatibile	Dipendenza transitiva: il progetto non l'ha scelta, la tira @docusaurus/babel, @slorber/react-helmet-async, history e altri 4. La ragione della sua presenza e' quella del componente che la richiede.	https://github.com/fedcal/Telemedic/security/dependabot
@babel/template	7.29.7	MIT	compatibile	Dipendenza transitiva: il progetto non l'ha scelta, la tira @babel/core, @babel/helper-wrap-function, @babel/helpers e altri 2. La ragione della sua presenza e' quella del componente che la richiede.	https://github.com/fedcal/Telemedic/security/dependabot
@babel/traverse	7.29.8	MIT	compatibile	Dipendenza transitiva: il progetto non l'ha scelta, la tira @babel/core, @babel/helper-create-class-features-plugin, @babel/helper-member-expression-to-functions e altri 15. La ragione della sua presenza e' quella del componente che la richiede.	https://github.com/fedcal/Telemedic/security/dependabot
@babel/types	7.29.8	MIT	compatibile	Dipendenza transitiva: il progetto non l'ha scelta, la tira @babel/core, @babel/generator, @babel/helper-annotate-as-pure e altri 12. La ragione della sua presenza e' quella del componente che la richiede.	https://github.com/fedcal/Telemedic/security/dependabot
@braintree/sanitize-url	7.1.2	MIT	compatibile	Dipendenza transitiva: il progetto non l'ha scelta, la tira mermaid. La ragione della sua presenza e' quella del componente che la richiede.	https://github.com/fedcal/Telemedic/security/dependabot
@chevrotain/types	11.1.2	Apache-2.0	compatibile	Dipendenza transitiva: il progetto non l'ha scelta, la tira @mermaid-js/parser. La ragione della sua presenza e' quella del componente che la richiede.	https://github.com/fedcal/Telemedic/security/dependabot
@colors/colors	1.5.0	MIT	compatibile	Dipendenza transitiva: il progetto non l'ha scelta, la tira cli-table3. La ragione della sua presenza e' quella del componente che la richiede.	https://github.com/fedcal/Telemedic/security/dependabot
@csstools/cascade-layer-name-parser	2.0.5	MIT	compatibile	Dipendenza transitiva: il progetto non l'ha scelta, la tira postcss-custom-media, postcss-custom-properties, postcss-custom-selectors. La ragione della sua presenza e' quella del componente che la richiede.	https://github.com/fedcal/Telemedic/security/dependabot
@csstools/color-helpers	5.1.0	MIT-0	compatibile	Dipendenza transitiva: il progetto non l'ha scelta, la tira @csstools/css-color-parser, @csstools/postcss-text-decoration-shorthand. La ragione della sua presenza e' quella del componente che la richiede.	https://github.com/fedcal/Telemedic/security/dependabot
@csstools/css-calc	2.1.4	MIT	compatibile	Dipendenza transitiva: il progetto non l'ha scelta, la tira @csstools/css-color-parser, @csstools/postcss-exponential-functions, @csstools/postcss-media-minmax e altri 4. La ragione della sua presenza e' quella del componente che la richiede.	https://github.com/fedcal/Telemedic/security/dependabot
@csstools/css-color-parser	3.1.0	MIT	compatibile	Dipendenza transitiva: il progetto non l'ha scelta, la tira @csstools/postcss-alpha-function, @csstools/postcss-color-function, @csstools/postcss-color-function-display-p3-linear e altri 10. La ragione della sua presenza e' quella del componente che la richiede.	https://github.com/fedcal/Telemedic/security/dependabot
@csstools/css-parser-algorithms	3.0.5	MIT	compatibile	Dipendenza transitiva: il progetto non l'ha scelta, la tira @csstools/cascade-layer-name-parser, @csstools/css-calc, @csstools/css-color-parser e altri 28. La ragione della sua presenza e' quella del componente che la richiede.	https://github.com/fedcal/Telemedic/security/dependabot
@csstools/css-tokenizer	3.0.4	MIT	compatibile	Dipendenza transitiva: il progetto non l'ha scelta, la tira @csstools/cascade-layer-name-parser, @csstools/css-calc, @csstools/css-color-parser e altri 31. La ragione della sua presenza e' quella del componente che la richiede.	https://github.com/fedcal/Telemedic/security/dependabot
@csstools/media-query-list-parser	4.0.3	MIT	compatibile	Dipendenza transitiva: il progetto non l'ha scelta, la tira @csstools/postcss-media-minmax, @csstools/postcss-media-queries-aspect-ratio-number-values, postcss-custom-media. La ragione della sua presenza e' quella del componente che la richiede.	https://github.com/fedcal/Telemedic/security/dependabot
@csstools/postcss-alpha-function	1.0.1	MIT-0	compatibile	Dipendenza transitiva: il progetto non l'ha scelta, la tira postcss-preset-env. La ragione della sua presenza e' quella del componente che la richiede.	https://github.com/fedcal/Telemedic/security/dependabot
@csstools/postcss-cascade-layers	5.0.2	MIT-0	compatibile	Dipendenza transitiva: il progetto non l'ha scelta, la tira postcss-preset-env. La ragione della sua presenza e' quella del componente che la richiede.	https://github.com/fedcal/Telemedic/security/dependabot
@csstools/postcss-color-function	4.0.12	MIT-0	compatibile	Dipendenza transitiva: il progetto non l'ha scelta, la tira postcss-preset-env. La ragione della sua presenza e' quella del componente che la richiede.	https://github.com/fedcal/Telemedic/security/dependabot
@csstools/postcss-color-function-display-p3-linear	1.0.1	MIT-0	compatibile	Dipendenza transitiva: il progetto non l'ha scelta, la tira postcss-preset-env. La ragione della sua presenza e' quella del componente che la richiede.	https://github.com/fedcal/Telemedic/security/dependabot
@csstools/postcss-color-mix-function	3.0.12	MIT-0	compatibile	Dipendenza transitiva: il progetto non l'ha scelta, la tira postcss-preset-env. La ragione della sua presenza e' quella del componente che la richiede.	https://github.com/fedcal/Telemedic/security/dependabot
@csstools/postcss-color-mix-variadic-function-arguments	1.0.2	MIT-0	compatibile	Dipendenza transitiva: il progetto non l'ha scelta, la tira postcss-preset-env. La ragione della sua presenza e' quella del componente che la richiede.	https://github.com/fedcal/Telemedic/security/dependabot
@csstools/postcss-content-alt-text	2.0.8	MIT-0	compatibile	Dipendenza transitiva: il progetto non l'ha scelta, la tira postcss-preset-env. La ragione della sua presenza e' quella del componente che la richiede.	https://github.com/fedcal/Telemedic/security/dependabot
@csstools/postcss-contrast-color-function	2.0.12	MIT-0	compatibile	Dipendenza transitiva: il progetto non l'ha scelta, la tira postcss-preset-env. La ragione della sua presenza e' quella del componente che la richiede.	https://github.com/fedcal/Telemedic/security/dependabot
@csstools/postcss-exponential-functions	2.0.9	MIT-0	compatibile	Dipendenza transitiva: il progetto non l'ha scelta, la tira postcss-preset-env. La ragione della sua presenza e' quella del componente che la richiede.	https://github.com/fedcal/Telemedic/security/dependabot
@csstools/postcss-font-format-keywords	4.0.0	MIT-0	compatibile	Dipendenza transitiva: il progetto non l'ha scelta, la tira postcss-preset-env. La ragione della sua presenza e' quella del componente che la richiede.	https://github.com/fedcal/Telemedic/security/dependabot
@csstools/postcss-gamut-mapping	2.0.11	MIT-0	compatibile	Dipendenza transitiva: il progetto non l'ha scelta, la tira postcss-preset-env. La ragione della sua presenza e' quella del componente che la richiede.	https://github.com/fedcal/Telemedic/security/dependabot
@csstools/postcss-gradients-interpolation-method	5.0.12	MIT-0	compatibile	Dipendenza transitiva: il progetto non l'ha scelta, la tira postcss-preset-env. La ragione della sua presenza e' quella del componente che la richiede.	https://github.com/fedcal/Telemedic/security/dependabot
@csstools/postcss-hwb-function	4.0.12	MIT-0	compatibile	Dipendenza transitiva: il progetto non l'ha scelta, la tira postcss-preset-env. La ragione della sua presenza e' quella del componente che la richiede.	https://github.com/fedcal/Telemedic/security/dependabot
@csstools/postcss-ic-unit	4.0.4	MIT-0	compatibile	Dipendenza transitiva: il progetto non l'ha scelta, la tira postcss-preset-env. La ragione della sua presenza e' quella del componente che la richiede.	https://github.com/fedcal/Telemedic/security/dependabot
@csstools/postcss-initial	2.0.1	MIT-0	compatibile	Dipendenza transitiva: il progetto non l'ha scelta, la tira postcss-preset-env. La ragione della sua presenza e' quella del componente che la richiede.	https://github.com/fedcal/Telemedic/security/dependabot
@csstools/postcss-is-pseudo-class	5.0.3	MIT-0	compatibile	Dipendenza transitiva: il progetto non l'ha scelta, la tira postcss-preset-env. La ragione della sua presenza e' quella del componente che la richiede.	https://github.com/fedcal/Telemedic/security/dependabot
@csstools/postcss-light-dark-function	2.0.11	MIT-0	compatibile	Dipendenza transitiva: il progetto non l'ha scelta, la tira postcss-preset-env. La ragione della sua presenza e' quella del componente che la richiede.	https://github.com/fedcal/Telemedic/security/dependabot
@csstools/postcss-logical-float-and-clear	3.0.0	MIT-0	compatibile	Dipendenza transitiva: il progetto non l'ha scelta, la tira postcss-preset-env. La ragione della sua presenza e' quella del componente che la richiede.	https://github.com/fedcal/Telemedic/security/dependabot
@csstools/postcss-logical-overflow	2.0.0	MIT-0	compatibile	Dipendenza transitiva: il progetto non l'ha scelta, la tira postcss-preset-env. La ragione della sua presenza e' quella del componente che la richiede.	https://github.com/fedcal/Telemedic/security/dependabot
@csstools/postcss-logical-overscroll-behavior	2.0.0	MIT-0	compatibile	Dipendenza transitiva: il progetto non l'ha scelta, la tira postcss-preset-env. La ragione della sua presenza e' quella del componente che la richiede.	https://github.com/fedcal/Telemedic/security/dependabot
@csstools/postcss-logical-resize	3.0.0	MIT-0	compatibile	Dipendenza transitiva: il progetto non l'ha scelta, la tira postcss-preset-env. La ragione della sua presenza e' quella del componente che la richiede.	https://github.com/fedcal/Telemedic/security/dependabot
@csstools/postcss-logical-viewport-units	3.0.4	MIT-0	compatibile	Dipendenza transitiva: il progetto non l'ha scelta, la tira postcss-preset-env. La ragione della sua presenza e' quella del componente che la richiede.	https://github.com/fedcal/Telemedic/security/dependabot
@csstools/postcss-media-minmax	2.0.9	MIT	compatibile	Dipendenza transitiva: il progetto non l'ha scelta, la tira postcss-preset-env. La ragione della sua presenza e' quella del componente che la richiede.	https://github.com/fedcal/Telemedic/security/dependabot
@csstools/postcss-media-queries-aspect-ratio-number-values	3.0.5	MIT-0	compatibile	Dipendenza transitiva: il progetto non l'ha scelta, la tira postcss-preset-env. La ragione della sua presenza e' quella del componente che la richiede.	https://github.com/fedcal/Telemedic/security/dependabot
@csstools/postcss-nested-calc	4.0.0	MIT-0	compatibile	Dipendenza transitiva: il progetto non l'ha scelta, la tira postcss-preset-env. La ragione della sua presenza e' quella del componente che la richiede.	https://github.com/fedcal/Telemedic/security/dependabot
@csstools/postcss-normalize-display-values	4.0.1	MIT-0	compatibile	Dipendenza transitiva: il progetto non l'ha scelta, la tira postcss-preset-env. La ragione della sua presenza e' quella del componente che la richiede.	https://github.com/fedcal/Telemedic/security/dependabot
@csstools/postcss-oklab-function	4.0.12	MIT-0	compatibile	Dipendenza transitiva: il progetto non l'ha scelta, la tira postcss-preset-env. La ragione della sua presenza e' quella del componente che la richiede.	https://github.com/fedcal/Telemedic/security/dependabot
@csstools/postcss-position-area-property	1.0.0	MIT-0	compatibile	Dipendenza transitiva: il progetto non l'ha scelta, la tira postcss-preset-env. La ragione della sua presenza e' quella del componente che la richiede.	https://github.com/fedcal/Telemedic/security/dependabot
@csstools/postcss-progressive-custom-properties	4.2.1	MIT-0	compatibile	Dipendenza transitiva: il progetto non l'ha scelta, la tira @csstools/postcss-alpha-function, @csstools/postcss-color-function, @csstools/postcss-color-function-display-p3-linear e altri 14. La ragione della sua presenza e' quella del componente che la richiede.	https://github.com/fedcal/Telemedic/security/dependabot
@csstools/postcss-property-rule-prelude-list	1.0.0	MIT-0	compatibile	Dipendenza transitiva: il progetto non l'ha scelta, la tira postcss-preset-env. La ragione della sua presenza e' quella del componente che la richiede.	https://github.com/fedcal/Telemedic/security/dependabot
@csstools/postcss-random-function	2.0.1	MIT-0	compatibile	Dipendenza transitiva: il progetto non l'ha scelta, la tira postcss-preset-env. La ragione della sua presenza e' quella del componente che la richiede.	https://github.com/fedcal/Telemedic/security/dependabot
@csstools/postcss-relative-color-syntax	3.0.12	MIT-0	compatibile	Dipendenza transitiva: il progetto non l'ha scelta, la tira postcss-preset-env. La ragione della sua presenza e' quella del componente che la richiede.	https://github.com/fedcal/Telemedic/security/dependabot
@csstools/postcss-scope-pseudo-class	4.0.1	MIT-0	compatibile	Dipendenza transitiva: il progetto non l'ha scelta, la tira postcss-preset-env. La ragione della sua presenza e' quella del componente che la richiede.	https://github.com/fedcal/Telemedic/security/dependabot
@csstools/postcss-sign-functions	1.1.4	MIT-0	compatibile	Dipendenza transitiva: il progetto non l'ha scelta, la tira postcss-preset-env. La ragione della sua presenza e' quella del componente che la richiede.	https://github.com/fedcal/Telemedic/security/dependabot
@csstools/postcss-stepped-value-functions	4.0.9	MIT-0	compatibile	Dipendenza transitiva: il progetto non l'ha scelta, la tira postcss-preset-env. La ragione della sua presenza e' quella del componente che la richiede.	https://github.com/fedcal/Telemedic/security/dependabot
@csstools/postcss-syntax-descriptor-syntax-production	1.0.1	MIT-0	compatibile	Dipendenza transitiva: il progetto non l'ha scelta, la tira postcss-preset-env. La ragione della sua presenza e' quella del componente che la richiede.	https://github.com/fedcal/Telemedic/security/dependabot
@csstools/postcss-system-ui-font-family	1.0.0	MIT-0	compatibile	Dipendenza transitiva: il progetto non l'ha scelta, la tira postcss-preset-env. La ragione della sua presenza e' quella del componente che la richiede.	https://github.com/fedcal/Telemedic/security/dependabot
@csstools/postcss-text-decoration-shorthand	4.0.3	MIT-0	compatibile	Dipendenza transitiva: il progetto non l'ha scelta, la tira postcss-preset-env. La ragione della sua presenza e' quella del componente che la richiede.	https://github.com/fedcal/Telemedic/security/dependabot
@csstools/postcss-trigonometric-functions	4.0.9	MIT-0	compatibile	Dipendenza transitiva: il progetto non l'ha scelta, la tira postcss-preset-env. La ragione della sua presenza e' quella del componente che la richiede.	https://github.com/fedcal/Telemedic/security/dependabot
@csstools/postcss-unset-value	4.0.0	MIT-0	compatibile	Dipendenza transitiva: il progetto non l'ha scelta, la tira postcss-preset-env. La ragione della sua presenza e' quella del componente che la richiede.	https://github.com/fedcal/Telemedic/security/dependabot
@csstools/utilities	2.0.0	MIT-0	compatibile	Dipendenza transitiva: il progetto non l'ha scelta, la tira @csstools/postcss-alpha-function, @csstools/postcss-color-function, @csstools/postcss-color-function-display-p3-linear e altri 20. La ragione della sua presenza e' quella del componente che la richiede.	https://github.com/fedcal/Telemedic/security/dependabot
@discoveryjs/json-ext	0.5.7	MIT	compatibile	Dipendenza transitiva: il progetto non l'ha scelta, la tira webpack-bundle-analyzer. La ragione della sua presenza e' quella del componente che la richiede.	https://github.com/fedcal/Telemedic/security/dependabot
@docsearch/core	4.7.0	MIT	compatibile	Dipendenza transitiva: il progetto non l'ha scelta, la tira @docsearch/react. La ragione della sua presenza e' quella del componente che la richiede.	https://github.com/fedcal/Telemedic/security/dependabot
@docsearch/css	4.7.0	MIT	compatibile	Dipendenza transitiva: il progetto non l'ha scelta, la tira @docsearch/react. La ragione della sua presenza e' quella del componente che la richiede.	https://github.com/fedcal/Telemedic/security/dependabot
@docsearch/react	4.7.0	MIT	compatibile	Dipendenza transitiva: il progetto non l'ha scelta, la tira @docusaurus/theme-search-algolia. La ragione della sua presenza e' quella del componente che la richiede.	https://github.com/fedcal/Telemedic/security/dependabot
@docusaurus/babel	3.10.2	MIT	compatibile	Dipendenza transitiva: il progetto non l'ha scelta, la tira @docusaurus/bundler, @docusaurus/core. La ragione della sua presenza e' quella del componente che la richiede.	https://github.com/fedcal/Telemedic/security/dependabot
@docusaurus/bundler	3.10.2	MIT	compatibile	Dipendenza transitiva: il progetto non l'ha scelta, la tira @docusaurus/core. La ragione della sua presenza e' quella del componente che la richiede.	https://github.com/fedcal/Telemedic/security/dependabot
@docusaurus/cssnano-preset	3.10.2	MIT	compatibile	Dipendenza transitiva: il progetto non l'ha scelta, la tira @docusaurus/bundler. La ragione della sua presenza e' quella del componente che la richiede.	https://github.com/fedcal/Telemedic/security/dependabot
@docusaurus/logger	3.10.2	MIT	compatibile	Dipendenza transitiva: il progetto non l'ha scelta, la tira @docusaurus/babel, @docusaurus/bundler, @docusaurus/core e altri 8. La ragione della sua presenza e' quella del componente che la richiede.	https://github.com/fedcal/Telemedic/security/dependabot
@docusaurus/mdx-loader	3.10.2	MIT	compatibile	Dipendenza transitiva: il progetto non l'ha scelta, la tira @docusaurus/core, @docusaurus/plugin-content-blog, @docusaurus/plugin-content-docs e altri 3. La ragione della sua presenza e' quella del componente che la richiede.	https://github.com/fedcal/Telemedic/security/dependabot
@docusaurus/module-type-aliases	3.10.2	MIT	compatibile	Dipendenza transitiva: il progetto non l'ha scelta, la tira @docusaurus/plugin-content-docs, @docusaurus/theme-classic, @docusaurus/theme-common e altri 1. La ragione della sua presenza e' quella del componente che la richiede.	https://github.com/fedcal/Telemedic/security/dependabot
@docusaurus/plugin-content-blog	3.10.2	MIT	compatibile	Dipendenza transitiva: il progetto non l'ha scelta, la tira @docusaurus/preset-classic, @docusaurus/theme-classic. La ragione della sua presenza e' quella del componente che la richiede.	https://github.com/fedcal/Telemedic/security/dependabot
@docusaurus/plugin-content-docs	3.10.2	MIT	compatibile	Dipendenza transitiva: il progetto non l'ha scelta, la tira @docusaurus/plugin-content-blog, @docusaurus/preset-classic, @docusaurus/theme-classic e altri 3. La ragione della sua presenza e' quella del componente che la richiede.	https://github.com/fedcal/Telemedic/security/dependabot
@docusaurus/plugin-content-pages	3.10.2	MIT	compatibile	Dipendenza transitiva: il progetto non l'ha scelta, la tira @docusaurus/preset-classic, @docusaurus/theme-classic. La ragione della sua presenza e' quella del componente che la richiede.	https://github.com/fedcal/Telemedic/security/dependabot
@docusaurus/plugin-css-cascade-layers	3.10.2	MIT	compatibile	Dipendenza transitiva: il progetto non l'ha scelta, la tira @docusaurus/preset-classic. La ragione della sua presenza e' quella del componente che la richiede.	https://github.com/fedcal/Telemedic/security/dependabot
@docusaurus/plugin-debug	3.10.2	MIT	compatibile	Dipendenza transitiva: il progetto non l'ha scelta, la tira @docusaurus/preset-classic. La ragione della sua presenza e' quella del componente che la richiede.	https://github.com/fedcal/Telemedic/security/dependabot
@docusaurus/plugin-google-analytics	3.10.2	MIT	compatibile	Dipendenza transitiva: il progetto non l'ha scelta, la tira @docusaurus/preset-classic. La ragione della sua presenza e' quella del componente che la richiede.	https://github.com/fedcal/Telemedic/security/dependabot
@docusaurus/plugin-google-gtag	3.10.2	MIT	compatibile	Dipendenza transitiva: il progetto non l'ha scelta, la tira @docusaurus/preset-classic. La ragione della sua presenza e' quella del componente che la richiede.	https://github.com/fedcal/Telemedic/security/dependabot
@docusaurus/plugin-google-tag-manager	3.10.2	MIT	compatibile	Dipendenza transitiva: il progetto non l'ha scelta, la tira @docusaurus/preset-classic. La ragione della sua presenza e' quella del componente che la richiede.	https://github.com/fedcal/Telemedic/security/dependabot
@docusaurus/plugin-sitemap	3.10.2	MIT	compatibile	Dipendenza transitiva: il progetto non l'ha scelta, la tira @docusaurus/preset-classic. La ragione della sua presenza e' quella del componente che la richiede.	https://github.com/fedcal/Telemedic/security/dependabot
@docusaurus/plugin-svgr	3.10.2	MIT	compatibile	Dipendenza transitiva: il progetto non l'ha scelta, la tira @docusaurus/preset-classic. La ragione della sua presenza e' quella del componente che la richiede.	https://github.com/fedcal/Telemedic/security/dependabot
@docusaurus/react-loadable	6.0.0	MIT	compatibile	Dipendenza transitiva: il progetto non l'ha scelta, la tira @docusaurus/core, @docusaurus/module-type-aliases, react-loadable-ssr-addon-v5-slorber. La ragione della sua presenza e' quella del componente che la richiede.	https://github.com/fedcal/Telemedic/security/dependabot
@docusaurus/theme-classic	3.10.2	MIT	compatibile	Dipendenza transitiva: il progetto non l'ha scelta, la tira @docusaurus/preset-classic. La ragione della sua presenza e' quella del componente che la richiede.	https://github.com/fedcal/Telemedic/security/dependabot
@docusaurus/theme-common	3.10.2	MIT	compatibile	Dipendenza transitiva: il progetto non l'ha scelta, la tira @docusaurus/plugin-content-blog, @docusaurus/plugin-content-docs, @docusaurus/preset-classic e altri 4. La ragione della sua presenza e' quella del componente che la richiede.	https://github.com/fedcal/Telemedic/security/dependabot
@docusaurus/theme-search-algolia	3.10.2	MIT	compatibile	Dipendenza transitiva: il progetto non l'ha scelta, la tira @docusaurus/preset-classic. La ragione della sua presenza e' quella del componente che la richiede.	https://github.com/fedcal/Telemedic/security/dependabot
@docusaurus/theme-translations	3.10.2	MIT	compatibile	Dipendenza transitiva: il progetto non l'ha scelta, la tira @docusaurus/theme-classic, @docusaurus/theme-search-algolia, @easyops-cn/docusaurus-search-local. La ragione della sua presenza e' quella del componente che la richiede.	https://github.com/fedcal/Telemedic/security/dependabot
@docusaurus/types	3.10.2	MIT	compatibile	Dipendenza transitiva: il progetto non l'ha scelta, la tira @docusaurus/bundler, @docusaurus/module-type-aliases, @docusaurus/plugin-content-blog e altri 14. La ragione della sua presenza e' quella del componente che la richiede.	https://github.com/fedcal/Telemedic/security/dependabot
@docusaurus/utils	3.10.2	MIT	compatibile	Dipendenza transitiva: il progetto non l'ha scelta, la tira @docusaurus/babel, @docusaurus/bundler, @docusaurus/core e altri 13. La ragione della sua presenza e' quella del componente che la richiede.	https://github.com/fedcal/Telemedic/security/dependabot
@docusaurus/utils-common	3.10.2	MIT	compatibile	Dipendenza transitiva: il progetto non l'ha scelta, la tira @docusaurus/core, @docusaurus/plugin-content-blog, @docusaurus/plugin-content-docs e altri 6. La ragione della sua presenza e' quella del componente che la richiede.	https://github.com/fedcal/Telemedic/security/dependabot
@docusaurus/utils-validation	3.10.2	MIT	compatibile	Dipendenza transitiva: il progetto non l'ha scelta, la tira @docusaurus/core, @docusaurus/mdx-loader, @docusaurus/plugin-content-blog e altri 12. La ragione della sua presenza e' quella del componente che la richiede.	https://github.com/fedcal/Telemedic/security/dependabot
@easyops-cn/autocomplete.js	0.38.1	MIT	compatibile	Dipendenza transitiva: il progetto non l'ha scelta, la tira @easyops-cn/docusaurus-search-local. La ragione della sua presenza e' quella del componente che la richiede.	https://github.com/fedcal/Telemedic/security/dependabot
@emnapi/core	1.11.3	MIT	compatibile	Dipendenza transitiva: il progetto non l'ha scelta, la tira @napi-rs/wasm-runtime. La ragione della sua presenza e' quella del componente che la richiede.	https://github.com/fedcal/Telemedic/security/dependabot
@emnapi/runtime	1.11.3	MIT	compatibile	Dipendenza transitiva: il progetto non l'ha scelta, la tira @napi-rs/wasm-runtime. La ragione della sua presenza e' quella del componente che la richiede.	https://github.com/fedcal/Telemedic/security/dependabot
@emnapi/wasi-threads	1.2.3	MIT	compatibile	Dipendenza transitiva: il progetto non l'ha scelta, la tira @emnapi/core. La ragione della sua presenza e' quella del componente che la richiede.	https://github.com/fedcal/Telemedic/security/dependabot
@hapi/hoek	9.3.0	BSD-3-Clause	compatibile	Dipendenza transitiva: il progetto non l'ha scelta, la tira @hapi/topo, @sideway/address, joi. La ragione della sua presenza e' quella del componente che la richiede.	https://github.com/fedcal/Telemedic/security/dependabot
@hapi/topo	5.1.0	BSD-3-Clause	compatibile	Dipendenza transitiva: il progetto non l'ha scelta, la tira joi. La ragione della sua presenza e' quella del componente che la richiede.	https://github.com/fedcal/Telemedic/security/dependabot
@iconify/types	2.0.0	MIT	compatibile	Dipendenza transitiva: il progetto non l'ha scelta, la tira @iconify/utils. La ragione della sua presenza e' quella del componente che la richiede.	https://github.com/fedcal/Telemedic/security/dependabot
@iconify/utils	3.1.4	MIT	compatibile	Dipendenza transitiva: il progetto non l'ha scelta, la tira mermaid. La ragione della sua presenza e' quella del componente che la richiede.	https://github.com/fedcal/Telemedic/security/dependabot
@jest/schemas	29.6.3	MIT	compatibile	Dipendenza transitiva: il progetto non l'ha scelta, la tira @jest/types. La ragione della sua presenza e' quella del componente che la richiede.	https://github.com/fedcal/Telemedic/security/dependabot
@jest/types	29.6.3	MIT	compatibile	Dipendenza transitiva: il progetto non l'ha scelta, la tira jest-util. La ragione della sua presenza e' quella del componente che la richiede.	https://github.com/fedcal/Telemedic/security/dependabot
@jridgewell/gen-mapping	0.3.13	MIT	compatibile	Dipendenza transitiva: il progetto non l'ha scelta, la tira @babel/generator, @jridgewell/remapping, @jridgewell/source-map. La ragione della sua presenza e' quella del componente che la richiede.	https://github.com/fedcal/Telemedic/security/dependabot
@jridgewell/remapping	2.3.5	MIT	compatibile	Dipendenza transitiva: il progetto non l'ha scelta, la tira @babel/core. La ragione della sua presenza e' quella del componente che la richiede.	https://github.com/fedcal/Telemedic/security/dependabot
@jridgewell/resolve-uri	3.1.2	MIT	compatibile	Dipendenza transitiva: il progetto non l'ha scelta, la tira @jridgewell/trace-mapping. La ragione della sua presenza e' quella del componente che la richiede.	https://github.com/fedcal/Telemedic/security/dependabot
@jridgewell/source-map	0.3.11	MIT	compatibile	Dipendenza transitiva: il progetto non l'ha scelta, la tira terser. La ragione della sua presenza e' quella del componente che la richiede.	https://github.com/fedcal/Telemedic/security/dependabot
@jridgewell/sourcemap-codec	1.5.5	MIT	compatibile	Dipendenza transitiva: il progetto non l'ha scelta, la tira @jridgewell/gen-mapping, @jridgewell/trace-mapping. La ragione della sua presenza e' quella del componente che la richiede.	https://github.com/fedcal/Telemedic/security/dependabot
@jridgewell/trace-mapping	0.3.31	MIT	compatibile	Dipendenza transitiva: il progetto non l'ha scelta, la tira @babel/generator, @jridgewell/gen-mapping, @jridgewell/remapping e altri 4. La ragione della sua presenza e' quella del componente che la richiede.	https://github.com/fedcal/Telemedic/security/dependabot
@jsonjoy.com/base64	1.1.2	Apache-2.0	compatibile	Dipendenza transitiva: il progetto non l'ha scelta, la tira @jsonjoy.com/json-pack. La ragione della sua presenza e' quella del componente che la richiede.	https://github.com/fedcal/Telemedic/security/dependabot
@jsonjoy.com/buffers	17.67.0	Apache-2.0	compatibile	Dipendenza transitiva: il progetto non l'ha scelta, la tira @jsonjoy.com/fs-snapshot. La ragione della sua presenza e' quella del componente che la richiede.	https://github.com/fedcal/Telemedic/security/dependabot
@jsonjoy.com/codegen	1.0.0	Apache-2.0	compatibile	Dipendenza transitiva: il progetto non l'ha scelta, la tira @jsonjoy.com/json-pack, @jsonjoy.com/json-pointer, @jsonjoy.com/util. La ragione della sua presenza e' quella del componente che la richiede.	https://github.com/fedcal/Telemedic/security/dependabot
@jsonjoy.com/fs-core	4.68.1	Apache-2.0	compatibile	Dipendenza transitiva: il progetto non l'ha scelta, la tira @jsonjoy.com/fs-fsa, @jsonjoy.com/fs-node, memfs. La ragione della sua presenza e' quella del componente che la richiede.	https://github.com/fedcal/Telemedic/security/dependabot
@jsonjoy.com/fs-fsa	4.68.1	Apache-2.0	compatibile	Dipendenza transitiva: il progetto non l'ha scelta, la tira @jsonjoy.com/fs-node-to-fsa, memfs. La ragione della sua presenza e' quella del componente che la richiede.	https://github.com/fedcal/Telemedic/security/dependabot
@jsonjoy.com/fs-node	4.68.1	Apache-2.0	compatibile	Dipendenza transitiva: il progetto non l'ha scelta, la tira memfs. La ragione della sua presenza e' quella del componente che la richiede.	https://github.com/fedcal/Telemedic/security/dependabot
@jsonjoy.com/fs-node-builtins	4.68.1	Apache-2.0	compatibile	Dipendenza transitiva: il progetto non l'ha scelta, la tira @jsonjoy.com/fs-core, @jsonjoy.com/fs-fsa, @jsonjoy.com/fs-node e altri 3. La ragione della sua presenza e' quella del componente che la richiede.	https://github.com/fedcal/Telemedic/security/dependabot
@jsonjoy.com/fs-node-to-fsa	4.68.1	Apache-2.0	compatibile	Dipendenza transitiva: il progetto non l'ha scelta, la tira memfs. La ragione della sua presenza e' quella del componente che la richiede.	https://github.com/fedcal/Telemedic/security/dependabot
@jsonjoy.com/fs-node-utils	4.68.1	Apache-2.0	compatibile	Dipendenza transitiva: il progetto non l'ha scelta, la tira @jsonjoy.com/fs-core, @jsonjoy.com/fs-fsa, @jsonjoy.com/fs-node e altri 4. La ragione della sua presenza e' quella del componente che la richiede.	https://github.com/fedcal/Telemedic/security/dependabot
@jsonjoy.com/fs-print	4.68.1	Apache-2.0	compatibile	Dipendenza transitiva: il progetto non l'ha scelta, la tira @jsonjoy.com/fs-node, memfs. La ragione della sua presenza e' quella del componente che la richiede.	https://github.com/fedcal/Telemedic/security/dependabot
@jsonjoy.com/fs-snapshot	4.68.1	Apache-2.0	compatibile	Dipendenza transitiva: il progetto non l'ha scelta, la tira @jsonjoy.com/fs-node, memfs. La ragione della sua presenza e' quella del componente che la richiede.	https://github.com/fedcal/Telemedic/security/dependabot
@jsonjoy.com/json-pack	1.21.0	Apache-2.0	compatibile	Dipendenza transitiva: il progetto non l'ha scelta, la tira memfs. La ragione della sua presenza e' quella del componente che la richiede.	https://github.com/fedcal/Telemedic/security/dependabot
@jsonjoy.com/json-pointer	1.0.2	Apache-2.0	compatibile	Dipendenza transitiva: il progetto non l'ha scelta, la tira @jsonjoy.com/json-pack. La ragione della sua presenza e' quella del componente che la richiede.	https://github.com/fedcal/Telemedic/security/dependabot
@jsonjoy.com/util	1.9.0	Apache-2.0	compatibile	Dipendenza transitiva: il progetto non l'ha scelta, la tira @jsonjoy.com/json-pack, @jsonjoy.com/json-pointer, memfs. La ragione della sua presenza e' quella del componente che la richiede.	https://github.com/fedcal/Telemedic/security/dependabot
@leichtgewicht/ip-codec	2.0.5	MIT	compatibile	Dipendenza transitiva: il progetto non l'ha scelta, la tira dns-packet. La ragione della sua presenza e' quella del componente che la richiede.	https://github.com/fedcal/Telemedic/security/dependabot
@mdx-js/mdx	3.1.1	MIT	compatibile	Dipendenza transitiva: il progetto non l'ha scelta, la tira @docusaurus/mdx-loader, @docusaurus/types. La ragione della sua presenza e' quella del componente che la richiede.	https://github.com/fedcal/Telemedic/security/dependabot
@mermaid-js/parser	1.2.1	MIT	compatibile	Dipendenza transitiva: il progetto non l'ha scelta, la tira mermaid. La ragione della sua presenza e' quella del componente che la richiede.	https://github.com/fedcal/Telemedic/security/dependabot
@napi-rs/wasm-runtime	0.2.12	MIT	compatibile	Dipendenza transitiva: il progetto non l'ha scelta, la tira @node-rs/jieba-wasm32-wasi. La ragione della sua presenza e' quella del componente che la richiede.	https://github.com/fedcal/Telemedic/security/dependabot
@noble/hashes	1.4.0	MIT	compatibile	Dipendenza transitiva: il progetto non l'ha scelta, la tira pkijs. La ragione della sua presenza e' quella del componente che la richiede.	https://github.com/fedcal/Telemedic/security/dependabot
@node-rs/jieba	1.10.4	MIT	compatibile	Dipendenza transitiva: il progetto non l'ha scelta, la tira @easyops-cn/docusaurus-search-local. La ragione della sua presenza e' quella del componente che la richiede.	https://github.com/fedcal/Telemedic/security/dependabot
@node-rs/jieba-android-arm-eabi	1.10.4	MIT	compatibile	Dipendenza transitiva: il progetto non l'ha scelta, la tira @node-rs/jieba. La ragione della sua presenza e' quella del componente che la richiede.	https://github.com/fedcal/Telemedic/security/dependabot
@node-rs/jieba-android-arm64	1.10.4	MIT	compatibile	Dipendenza transitiva: il progetto non l'ha scelta, la tira @node-rs/jieba. La ragione della sua presenza e' quella del componente che la richiede.	https://github.com/fedcal/Telemedic/security/dependabot
@node-rs/jieba-darwin-arm64	1.10.4	MIT	compatibile	Dipendenza transitiva: il progetto non l'ha scelta, la tira @node-rs/jieba. La ragione della sua presenza e' quella del componente che la richiede.	https://github.com/fedcal/Telemedic/security/dependabot
@node-rs/jieba-darwin-x64	1.10.4	MIT	compatibile	Dipendenza transitiva: il progetto non l'ha scelta, la tira @node-rs/jieba. La ragione della sua presenza e' quella del componente che la richiede.	https://github.com/fedcal/Telemedic/security/dependabot
@node-rs/jieba-freebsd-x64	1.10.4	MIT	compatibile	Dipendenza transitiva: il progetto non l'ha scelta, la tira @node-rs/jieba. La ragione della sua presenza e' quella del componente che la richiede.	https://github.com/fedcal/Telemedic/security/dependabot
@node-rs/jieba-linux-arm-gnueabihf	1.10.4	MIT	compatibile	Dipendenza transitiva: il progetto non l'ha scelta, la tira @node-rs/jieba. La ragione della sua presenza e' quella del componente che la richiede.	https://github.com/fedcal/Telemedic/security/dependabot
@node-rs/jieba-linux-arm64-gnu	1.10.4	MIT	compatibile	Dipendenza transitiva: il progetto non l'ha scelta, la tira @node-rs/jieba. La ragione della sua presenza e' quella del componente che la richiede.	https://github.com/fedcal/Telemedic/security/dependabot
@node-rs/jieba-linux-arm64-musl	1.10.4	MIT	compatibile	Dipendenza transitiva: il progetto non l'ha scelta, la tira @node-rs/jieba. La ragione della sua presenza e' quella del componente che la richiede.	https://github.com/fedcal/Telemedic/security/dependabot
@node-rs/jieba-linux-x64-gnu	1.10.4	MIT	compatibile	Dipendenza transitiva: il progetto non l'ha scelta, la tira @node-rs/jieba. La ragione della sua presenza e' quella del componente che la richiede.	https://github.com/fedcal/Telemedic/security/dependabot
@node-rs/jieba-linux-x64-musl	1.10.4	MIT	compatibile	Dipendenza transitiva: il progetto non l'ha scelta, la tira @node-rs/jieba. La ragione della sua presenza e' quella del componente che la richiede.	https://github.com/fedcal/Telemedic/security/dependabot
@node-rs/jieba-wasm32-wasi	1.10.4	MIT	compatibile	Dipendenza transitiva: il progetto non l'ha scelta, la tira @node-rs/jieba. La ragione della sua presenza e' quella del componente che la richiede.	https://github.com/fedcal/Telemedic/security/dependabot
@node-rs/jieba-win32-arm64-msvc	1.10.4	MIT	compatibile	Dipendenza transitiva: il progetto non l'ha scelta, la tira @node-rs/jieba. La ragione della sua presenza e' quella del componente che la richiede.	https://github.com/fedcal/Telemedic/security/dependabot
@node-rs/jieba-win32-ia32-msvc	1.10.4	MIT	compatibile	Dipendenza transitiva: il progetto non l'ha scelta, la tira @node-rs/jieba. La ragione della sua presenza e' quella del componente che la richiede.	https://github.com/fedcal/Telemedic/security/dependabot
@node-rs/jieba-win32-x64-msvc	1.10.4	MIT	compatibile	Dipendenza transitiva: il progetto non l'ha scelta, la tira @node-rs/jieba. La ragione della sua presenza e' quella del componente che la richiede.	https://github.com/fedcal/Telemedic/security/dependabot
@nodelib/fs.scandir	2.1.5	MIT	compatibile	Dipendenza transitiva: il progetto non l'ha scelta, la tira @nodelib/fs.walk. La ragione della sua presenza e' quella del componente che la richiede.	https://github.com/fedcal/Telemedic/security/dependabot
@nodelib/fs.stat	2.0.5	MIT	compatibile	Dipendenza transitiva: il progetto non l'ha scelta, la tira @nodelib/fs.scandir, fast-glob. La ragione della sua presenza e' quella del componente che la richiede.	https://github.com/fedcal/Telemedic/security/dependabot
@nodelib/fs.walk	1.2.8	MIT	compatibile	Dipendenza transitiva: il progetto non l'ha scelta, la tira fast-glob. La ragione della sua presenza e' quella del componente che la richiede.	https://github.com/fedcal/Telemedic/security/dependabot
@peculiar/asn1-cms	2.9.4	MIT	compatibile	Dipendenza transitiva: il progetto non l'ha scelta, la tira @peculiar/asn1-pfx, @peculiar/asn1-pkcs9, @peculiar/x509. La ragione della sua presenza e' quella del componente che la richiede.	https://github.com/fedcal/Telemedic/security/dependabot
@peculiar/asn1-csr	2.9.4	MIT	compatibile	Dipendenza transitiva: il progetto non l'ha scelta, la tira @peculiar/x509. La ragione della sua presenza e' quella del componente che la richiede.	https://github.com/fedcal/Telemedic/security/dependabot
@peculiar/asn1-ecc	2.9.4	MIT	compatibile	Dipendenza transitiva: il progetto non l'ha scelta, la tira @peculiar/x509. La ragione della sua presenza e' quella del componente che la richiede.	https://github.com/fedcal/Telemedic/security/dependabot
@peculiar/asn1-pfx	2.9.4	MIT	compatibile	Dipendenza transitiva: il progetto non l'ha scelta, la tira @peculiar/asn1-pkcs9. La ragione della sua presenza e' quella del componente che la richiede.	https://github.com/fedcal/Telemedic/security/dependabot
@peculiar/asn1-pkcs8	2.9.4	MIT	compatibile	Dipendenza transitiva: il progetto non l'ha scelta, la tira @peculiar/asn1-pfx, @peculiar/asn1-pkcs9. La ragione della sua presenza e' quella del componente che la richiede.	https://github.com/fedcal/Telemedic/security/dependabot
@peculiar/asn1-pkcs9	2.9.4	MIT	compatibile	Dipendenza transitiva: il progetto non l'ha scelta, la tira @peculiar/x509. La ragione della sua presenza e' quella del componente che la richiede.	https://github.com/fedcal/Telemedic/security/dependabot
@peculiar/asn1-rsa	2.9.4	MIT	compatibile	Dipendenza transitiva: il progetto non l'ha scelta, la tira @peculiar/asn1-pfx, @peculiar/x509. La ragione della sua presenza e' quella del componente che la richiede.	https://github.com/fedcal/Telemedic/security/dependabot
@peculiar/asn1-schema	2.9.4	MIT	compatibile	Dipendenza transitiva: il progetto non l'ha scelta, la tira @peculiar/asn1-cms, @peculiar/asn1-csr, @peculiar/asn1-ecc e altri 7. La ragione della sua presenza e' quella del componente che la richiede.	https://github.com/fedcal/Telemedic/security/dependabot
@peculiar/asn1-x509	2.9.4	MIT	compatibile	Dipendenza transitiva: il progetto non l'ha scelta, la tira @peculiar/asn1-cms, @peculiar/asn1-csr, @peculiar/asn1-ecc e altri 5. La ragione della sua presenza e' quella del componente che la richiede.	https://github.com/fedcal/Telemedic/security/dependabot
@peculiar/asn1-x509-attr	2.9.4	MIT	compatibile	Dipendenza transitiva: il progetto non l'ha scelta, la tira @peculiar/asn1-cms, @peculiar/asn1-pkcs9. La ragione della sua presenza e' quella del componente che la richiede.	https://github.com/fedcal/Telemedic/security/dependabot
@peculiar/utils	2.0.3	MIT	compatibile	Dipendenza transitiva: il progetto non l'ha scelta, la tira @peculiar/asn1-schema, @peculiar/asn1-x509. La ragione della sua presenza e' quella del componente che la richiede.	https://github.com/fedcal/Telemedic/security/dependabot
@peculiar/x509	1.14.3	MIT	compatibile	Dipendenza transitiva: il progetto non l'ha scelta, la tira selfsigned. La ragione della sua presenza e' quella del componente che la richiede.	https://github.com/fedcal/Telemedic/security/dependabot
@pnpm/config.env-replace	1.1.0	MIT	compatibile	Dipendenza transitiva: il progetto non l'ha scelta, la tira @pnpm/npm-conf. La ragione della sua presenza e' quella del componente che la richiede.	https://github.com/fedcal/Telemedic/security/dependabot
@pnpm/network.ca-file	1.0.2	MIT	compatibile	Dipendenza transitiva: il progetto non l'ha scelta, la tira @pnpm/npm-conf. La ragione della sua presenza e' quella del componente che la richiede.	https://github.com/fedcal/Telemedic/security/dependabot
@pnpm/npm-conf	3.0.3	MIT	compatibile	Dipendenza transitiva: il progetto non l'ha scelta, la tira registry-auth-token. La ragione della sua presenza e' quella del componente che la richiede.	https://github.com/fedcal/Telemedic/security/dependabot
@polka/url	1.0.0-next.29	MIT	compatibile	Dipendenza transitiva: il progetto non l'ha scelta, la tira sirv. La ragione della sua presenza e' quella del componente che la richiede.	https://github.com/fedcal/Telemedic/security/dependabot
@radix-ui/number	1.1.3	MIT	compatibile	Dipendenza transitiva: il progetto non l'ha scelta, la tira @radix-ui/react-scroll-area. La ragione della sua presenza e' quella del componente che la richiede.	https://github.com/fedcal/Telemedic/security/dependabot
@radix-ui/primitive	1.1.7	MIT	compatibile	Dipendenza transitiva: il progetto non l'ha scelta, la tira @radix-ui/react-dialog, @radix-ui/react-dismissable-layer, @radix-ui/react-scroll-area e altri 1. La ragione della sua presenza e' quella del componente che la richiede.	https://github.com/fedcal/Telemedic/security/dependabot
@radix-ui/react-compose-refs	1.1.5	MIT	compatibile	Dipendenza transitiva: il progetto non l'ha scelta, la tira @radix-ui/react-dialog, @radix-ui/react-dismissable-layer, @radix-ui/react-focus-scope e altri 2. La ragione della sua presenza e' quella del componente che la richiede.	https://github.com/fedcal/Telemedic/security/dependabot
@radix-ui/react-context	1.2.2	MIT	compatibile	Dipendenza transitiva: il progetto non l'ha scelta, la tira @radix-ui/react-dialog, @radix-ui/react-scroll-area. La ragione della sua presenza e' quella del componente che la richiede.	https://github.com/fedcal/Telemedic/security/dependabot
@radix-ui/react-dialog	1.1.23	MIT	compatibile	Dipendenza transitiva: il progetto non l'ha scelta, la tira open-ask-ai. La ragione della sua presenza e' quella del componente che la richiede.	https://github.com/fedcal/Telemedic/security/dependabot
@radix-ui/react-direction	1.1.4	MIT	compatibile	Dipendenza transitiva: il progetto non l'ha scelta, la tira @radix-ui/react-scroll-area. La ragione della sua presenza e' quella del componente che la richiede.	https://github.com/fedcal/Telemedic/security/dependabot
@radix-ui/react-dismissable-layer	1.1.19	MIT	compatibile	Dipendenza transitiva: il progetto non l'ha scelta, la tira @radix-ui/react-dialog. La ragione della sua presenza e' quella del componente che la richiede.	https://github.com/fedcal/Telemedic/security/dependabot
@radix-ui/react-focus-guards	1.1.6	MIT	compatibile	Dipendenza transitiva: il progetto non l'ha scelta, la tira @radix-ui/react-dialog. La ragione della sua presenza e' quella del componente che la richiede.	https://github.com/fedcal/Telemedic/security/dependabot
@radix-ui/react-focus-scope	1.1.16	MIT	compatibile	Dipendenza transitiva: il progetto non l'ha scelta, la tira @radix-ui/react-dialog. La ragione della sua presenza e' quella del componente che la richiede.	https://github.com/fedcal/Telemedic/security/dependabot
@radix-ui/react-id	1.1.4	MIT	compatibile	Dipendenza transitiva: il progetto non l'ha scelta, la tira @radix-ui/react-dialog. La ragione della sua presenza e' quella del componente che la richiede.	https://github.com/fedcal/Telemedic/security/dependabot
@radix-ui/react-portal	1.1.17	MIT	compatibile	Dipendenza transitiva: il progetto non l'ha scelta, la tira @radix-ui/react-dialog. La ragione della sua presenza e' quella del componente che la richiede.	https://github.com/fedcal/Telemedic/security/dependabot
@radix-ui/react-presence	1.1.10	MIT	compatibile	Dipendenza transitiva: il progetto non l'ha scelta, la tira @radix-ui/react-dialog, @radix-ui/react-scroll-area. La ragione della sua presenza e' quella del componente che la richiede.	https://github.com/fedcal/Telemedic/security/dependabot
@radix-ui/react-primitive	2.1.10	MIT	compatibile	Dipendenza transitiva: il progetto non l'ha scelta, la tira @radix-ui/react-dialog, @radix-ui/react-dismissable-layer, @radix-ui/react-focus-scope e altri 2. La ragione della sua presenza e' quella del componente che la richiede.	https://github.com/fedcal/Telemedic/security/dependabot
@radix-ui/react-scroll-area	1.2.18	MIT	compatibile	Dipendenza transitiva: il progetto non l'ha scelta, la tira open-ask-ai. La ragione della sua presenza e' quella del componente che la richiede.	https://github.com/fedcal/Telemedic/security/dependabot
@radix-ui/react-slot	1.3.3	MIT	compatibile	Dipendenza transitiva: il progetto non l'ha scelta, la tira @radix-ui/react-dialog, @radix-ui/react-primitive, open-ask-ai. La ragione della sua presenza e' quella del componente che la richiede.	https://github.com/fedcal/Telemedic/security/dependabot
@radix-ui/react-use-callback-ref	1.1.4	MIT	compatibile	Dipendenza transitiva: il progetto non l'ha scelta, la tira @radix-ui/react-dismissable-layer, @radix-ui/react-focus-scope, @radix-ui/react-scroll-area. La ragione della sua presenza e' quella del componente che la richiede.	https://github.com/fedcal/Telemedic/security/dependabot
@radix-ui/react-use-controllable-state	1.2.6	MIT	compatibile	Dipendenza transitiva: il progetto non l'ha scelta, la tira @radix-ui/react-dialog. La ragione della sua presenza e' quella del componente che la richiede.	https://github.com/fedcal/Telemedic/security/dependabot
@radix-ui/react-use-effect-event	0.0.5	MIT	compatibile	Dipendenza transitiva: il progetto non l'ha scelta, la tira @radix-ui/react-dismissable-layer, @radix-ui/react-use-controllable-state. La ragione della sua presenza e' quella del componente che la richiede.	https://github.com/fedcal/Telemedic/security/dependabot
@radix-ui/react-use-layout-effect	1.1.4	MIT	compatibile	Dipendenza transitiva: il progetto non l'ha scelta, la tira @radix-ui/react-dialog, @radix-ui/react-id, @radix-ui/react-portal e altri 4. La ragione della sua presenza e' quella del componente che la richiede.	https://github.com/fedcal/Telemedic/security/dependabot
@sideway/address	4.1.5	BSD-3-Clause	compatibile	Dipendenza transitiva: il progetto non l'ha scelta, la tira joi. La ragione della sua presenza e' quella del componente che la richiede.	https://github.com/fedcal/Telemedic/security/dependabot
@sideway/formula	3.0.1	BSD-3-Clause	compatibile	Dipendenza transitiva: il progetto non l'ha scelta, la tira joi. La ragione della sua presenza e' quella del componente che la richiede.	https://github.com/fedcal/Telemedic/security/dependabot
@sideway/pinpoint	2.0.0	BSD-3-Clause	compatibile	Dipendenza transitiva: il progetto non l'ha scelta, la tira joi. La ragione della sua presenza e' quella del componente che la richiede.	https://github.com/fedcal/Telemedic/security/dependabot
@sinclair/typebox	0.27.12	MIT	compatibile	Dipendenza transitiva: il progetto non l'ha scelta, la tira @jest/schemas. La ragione della sua presenza e' quella del componente che la richiede.	https://github.com/fedcal/Telemedic/security/dependabot
@sindresorhus/is	4.6.0	MIT	compatibile	Dipendenza transitiva: il progetto non l'ha scelta, la tira node-emoji. La ragione della sua presenza e' quella del componente che la richiede.	https://github.com/fedcal/Telemedic/security/dependabot
@slorber/react-helmet-async	1.3.0	Apache-2.0	compatibile	Dipendenza transitiva: il progetto non l'ha scelta, la tira @docusaurus/core, @docusaurus/module-type-aliases, @docusaurus/types. La ragione della sua presenza e' quella del componente che la richiede.	https://github.com/fedcal/Telemedic/security/dependabot
@slorber/remark-comment	1.0.0	MIT	compatibile	Dipendenza transitiva: il progetto non l'ha scelta, la tira @docusaurus/mdx-loader. La ragione della sua presenza e' quella del componente che la richiede.	https://github.com/fedcal/Telemedic/security/dependabot
@svgr/babel-plugin-add-jsx-attribute	8.0.0	MIT	compatibile	Dipendenza transitiva: il progetto non l'ha scelta, la tira @svgr/babel-preset. La ragione della sua presenza e' quella del componente che la richiede.	https://github.com/fedcal/Telemedic/security/dependabot
@svgr/babel-plugin-remove-jsx-attribute	8.0.0	MIT	compatibile	Dipendenza transitiva: il progetto non l'ha scelta, la tira @svgr/babel-preset. La ragione della sua presenza e' quella del componente che la richiede.	https://github.com/fedcal/Telemedic/security/dependabot
@svgr/babel-plugin-remove-jsx-empty-expression	8.0.0	MIT	compatibile	Dipendenza transitiva: il progetto non l'ha scelta, la tira @svgr/babel-preset. La ragione della sua presenza e' quella del componente che la richiede.	https://github.com/fedcal/Telemedic/security/dependabot
@svgr/babel-plugin-replace-jsx-attribute-value	8.0.0	MIT	compatibile	Dipendenza transitiva: il progetto non l'ha scelta, la tira @svgr/babel-preset. La ragione della sua presenza e' quella del componente che la richiede.	https://github.com/fedcal/Telemedic/security/dependabot
@svgr/babel-plugin-svg-dynamic-title	8.0.0	MIT	compatibile	Dipendenza transitiva: il progetto non l'ha scelta, la tira @svgr/babel-preset. La ragione della sua presenza e' quella del componente che la richiede.	https://github.com/fedcal/Telemedic/security/dependabot
@svgr/babel-plugin-svg-em-dimensions	8.0.0	MIT	compatibile	Dipendenza transitiva: il progetto non l'ha scelta, la tira @svgr/babel-preset. La ragione della sua presenza e' quella del componente che la richiede.	https://github.com/fedcal/Telemedic/security/dependabot
@svgr/babel-plugin-transform-react-native-svg	8.1.0	MIT	compatibile	Dipendenza transitiva: il progetto non l'ha scelta, la tira @svgr/babel-preset. La ragione della sua presenza e' quella del componente che la richiede.	https://github.com/fedcal/Telemedic/security/dependabot
@svgr/babel-plugin-transform-svg-component	8.0.0	MIT	compatibile	Dipendenza transitiva: il progetto non l'ha scelta, la tira @svgr/babel-preset. La ragione della sua presenza e' quella del componente che la richiede.	https://github.com/fedcal/Telemedic/security/dependabot
@svgr/babel-preset	8.1.0	MIT	compatibile	Dipendenza transitiva: il progetto non l'ha scelta, la tira @svgr/core, @svgr/plugin-jsx. La ragione della sua presenza e' quella del componente che la richiede.	https://github.com/fedcal/Telemedic/security/dependabot
@svgr/core	8.1.0	MIT	compatibile	Dipendenza transitiva: il progetto non l'ha scelta, la tira @docusaurus/plugin-svgr, @svgr/plugin-jsx, @svgr/plugin-svgo e altri 1. La ragione della sua presenza e' quella del componente che la richiede.	https://github.com/fedcal/Telemedic/security/dependabot
@svgr/hast-util-to-babel-ast	8.0.0	MIT	compatibile	Dipendenza transitiva: il progetto non l'ha scelta, la tira @svgr/plugin-jsx. La ragione della sua presenza e' quella del componente che la richiede.	https://github.com/fedcal/Telemedic/security/dependabot
@svgr/plugin-jsx	8.1.0	MIT	compatibile	Dipendenza transitiva: il progetto non l'ha scelta, la tira @svgr/webpack. La ragione della sua presenza e' quella del componente che la richiede.	https://github.com/fedcal/Telemedic/security/dependabot
@svgr/plugin-svgo	8.1.0	MIT	compatibile	Dipendenza transitiva: il progetto non l'ha scelta, la tira @svgr/webpack. La ragione della sua presenza e' quella del componente che la richiede.	https://github.com/fedcal/Telemedic/security/dependabot
@svgr/webpack	8.1.0	MIT	compatibile	Dipendenza transitiva: il progetto non l'ha scelta, la tira @docusaurus/plugin-svgr. La ragione della sua presenza e' quella del componente che la richiede.	https://github.com/fedcal/Telemedic/security/dependabot
@szmarczak/http-timer	5.0.1	MIT	compatibile	Dipendenza transitiva: il progetto non l'ha scelta, la tira got. La ragione della sua presenza e' quella del componente che la richiede.	https://github.com/fedcal/Telemedic/security/dependabot
@tybys/wasm-util	0.10.3	MIT	compatibile	Dipendenza transitiva: il progetto non l'ha scelta, la tira @napi-rs/wasm-runtime. La ragione della sua presenza e' quella del componente che la richiede.	https://github.com/fedcal/Telemedic/security/dependabot
@types/body-parser	1.19.6	MIT	compatibile	Dipendenza transitiva: il progetto non l'ha scelta, la tira @types/express. La ragione della sua presenza e' quella del componente che la richiede.	https://github.com/fedcal/Telemedic/security/dependabot
@types/bonjour	3.5.13	MIT	compatibile	Dipendenza transitiva: il progetto non l'ha scelta, la tira webpack-dev-server. La ragione della sua presenza e' quella del componente che la richiede.	https://github.com/fedcal/Telemedic/security/dependabot
@types/connect	3.4.38	MIT	compatibile	Dipendenza transitiva: il progetto non l'ha scelta, la tira @types/body-parser. La ragione della sua presenza e' quella del componente che la richiede.	https://github.com/fedcal/Telemedic/security/dependabot
@types/connect-history-api-fallback	1.5.4	MIT	compatibile	Dipendenza transitiva: il progetto non l'ha scelta, la tira webpack-dev-server. La ragione della sua presenza e' quella del componente che la richiede.	https://github.com/fedcal/Telemedic/security/dependabot
@types/d3	7.4.3	MIT	compatibile	Dipendenza transitiva: il progetto non l'ha scelta, la tira mermaid. La ragione della sua presenza e' quella del componente che la richiede.	https://github.com/fedcal/Telemedic/security/dependabot
@types/d3-array	3.2.2	MIT	compatibile	Dipendenza transitiva: il progetto non l'ha scelta, la tira @types/d3, @types/d3-contour. La ragione della sua presenza e' quella del componente che la richiede.	https://github.com/fedcal/Telemedic/security/dependabot
@types/d3-axis	3.0.6	MIT	compatibile	Dipendenza transitiva: il progetto non l'ha scelta, la tira @types/d3. La ragione della sua presenza e' quella del componente che la richiede.	https://github.com/fedcal/Telemedic/security/dependabot
@types/d3-brush	3.0.6	MIT	compatibile	Dipendenza transitiva: il progetto non l'ha scelta, la tira @types/d3. La ragione della sua presenza e' quella del componente che la richiede.	https://github.com/fedcal/Telemedic/security/dependabot
@types/d3-chord	3.0.6	MIT	compatibile	Dipendenza transitiva: il progetto non l'ha scelta, la tira @types/d3. La ragione della sua presenza e' quella del componente che la richiede.	https://github.com/fedcal/Telemedic/security/dependabot
@types/d3-color	3.1.3	MIT	compatibile	Dipendenza transitiva: il progetto non l'ha scelta, la tira @types/d3, @types/d3-interpolate. La ragione della sua presenza e' quella del componente che la richiede.	https://github.com/fedcal/Telemedic/security/dependabot
@types/d3-contour	3.0.6	MIT	compatibile	Dipendenza transitiva: il progetto non l'ha scelta, la tira @types/d3. La ragione della sua presenza e' quella del componente che la richiede.	https://github.com/fedcal/Telemedic/security/dependabot
@types/d3-delaunay	6.0.4	MIT	compatibile	Dipendenza transitiva: il progetto non l'ha scelta, la tira @types/d3. La ragione della sua presenza e' quella del componente che la richiede.	https://github.com/fedcal/Telemedic/security/dependabot
@types/d3-dispatch	3.0.7	MIT	compatibile	Dipendenza transitiva: il progetto non l'ha scelta, la tira @types/d3. La ragione della sua presenza e' quella del componente che la richiede.	https://github.com/fedcal/Telemedic/security/dependabot
@types/d3-drag	3.0.7	MIT	compatibile	Dipendenza transitiva: il progetto non l'ha scelta, la tira @types/d3. La ragione della sua presenza e' quella del componente che la richiede.	https://github.com/fedcal/Telemedic/security/dependabot
@types/d3-dsv	3.0.7	MIT	compatibile	Dipendenza transitiva: il progetto non l'ha scelta, la tira @types/d3, @types/d3-fetch. La ragione della sua presenza e' quella del componente che la richiede.	https://github.com/fedcal/Telemedic/security/dependabot
@types/d3-ease	3.0.2	MIT	compatibile	Dipendenza transitiva: il progetto non l'ha scelta, la tira @types/d3. La ragione della sua presenza e' quella del componente che la richiede.	https://github.com/fedcal/Telemedic/security/dependabot
@types/d3-fetch	3.0.7	MIT	compatibile	Dipendenza transitiva: il progetto non l'ha scelta, la tira @types/d3. La ragione della sua presenza e' quella del componente che la richiede.	https://github.com/fedcal/Telemedic/security/dependabot
@types/d3-force	3.0.10	MIT	compatibile	Dipendenza transitiva: il progetto non l'ha scelta, la tira @types/d3. La ragione della sua presenza e' quella del componente che la richiede.	https://github.com/fedcal/Telemedic/security/dependabot
@types/d3-format	3.0.4	MIT	compatibile	Dipendenza transitiva: il progetto non l'ha scelta, la tira @types/d3. La ragione della sua presenza e' quella del componente che la richiede.	https://github.com/fedcal/Telemedic/security/dependabot
@types/d3-geo	3.1.1	MIT	compatibile	Dipendenza transitiva: il progetto non l'ha scelta, la tira @types/d3. La ragione della sua presenza e' quella del componente che la richiede.	https://github.com/fedcal/Telemedic/security/dependabot
@types/d3-hierarchy	3.1.7	MIT	compatibile	Dipendenza transitiva: il progetto non l'ha scelta, la tira @types/d3. La ragione della sua presenza e' quella del componente che la richiede.	https://github.com/fedcal/Telemedic/security/dependabot
@types/d3-interpolate	3.0.4	MIT	compatibile	Dipendenza transitiva: il progetto non l'ha scelta, la tira @types/d3, @types/d3-zoom. La ragione della sua presenza e' quella del componente che la richiede.	https://github.com/fedcal/Telemedic/security/dependabot
@types/d3-path	3.1.1	MIT	compatibile	Dipendenza transitiva: il progetto non l'ha scelta, la tira @types/d3, @types/d3-shape. La ragione della sua presenza e' quella del componente che la richiede.	https://github.com/fedcal/Telemedic/security/dependabot
@types/d3-polygon	3.0.2	MIT	compatibile	Dipendenza transitiva: il progetto non l'ha scelta, la tira @types/d3. La ragione della sua presenza e' quella del componente che la richiede.	https://github.com/fedcal/Telemedic/security/dependabot
@types/d3-quadtree	3.0.6	MIT	compatibile	Dipendenza transitiva: il progetto non l'ha scelta, la tira @types/d3. La ragione della sua presenza e' quella del componente che la richiede.	https://github.com/fedcal/Telemedic/security/dependabot
@types/d3-random	3.0.4	MIT	compatibile	Dipendenza transitiva: il progetto non l'ha scelta, la tira @types/d3. La ragione della sua presenza e' quella del componente che la richiede.	https://github.com/fedcal/Telemedic/security/dependabot
@types/d3-scale	4.0.9	MIT	compatibile	Dipendenza transitiva: il progetto non l'ha scelta, la tira @types/d3. La ragione della sua presenza e' quella del componente che la richiede.	https://github.com/fedcal/Telemedic/security/dependabot
@types/d3-scale-chromatic	3.1.0	MIT	compatibile	Dipendenza transitiva: il progetto non l'ha scelta, la tira @types/d3. La ragione della sua presenza e' quella del componente che la richiede.	https://github.com/fedcal/Telemedic/security/dependabot
@types/d3-selection	3.0.11	MIT	compatibile	Dipendenza transitiva: il progetto non l'ha scelta, la tira @types/d3, @types/d3-axis, @types/d3-brush e altri 3. La ragione della sua presenza e' quella del componente che la richiede.	https://github.com/fedcal/Telemedic/security/dependabot
@types/d3-shape	3.2.0	MIT	compatibile	Dipendenza transitiva: il progetto non l'ha scelta, la tira @types/d3. La ragione della sua presenza e' quella del componente che la richiede.	https://github.com/fedcal/Telemedic/security/dependabot
@types/d3-time	3.0.4	MIT	compatibile	Dipendenza transitiva: il progetto non l'ha scelta, la tira @types/d3, @types/d3-scale. La ragione della sua presenza e' quella del componente che la richiede.	https://github.com/fedcal/Telemedic/security/dependabot
@types/d3-time-format	4.0.3	MIT	compatibile	Dipendenza transitiva: il progetto non l'ha scelta, la tira @types/d3. La ragione della sua presenza e' quella del componente che la richiede.	https://github.com/fedcal/Telemedic/security/dependabot
@types/d3-timer	3.0.2	MIT	compatibile	Dipendenza transitiva: il progetto non l'ha scelta, la tira @types/d3. La ragione della sua presenza e' quella del componente che la richiede.	https://github.com/fedcal/Telemedic/security/dependabot
@types/d3-transition	3.0.9	MIT	compatibile	Dipendenza transitiva: il progetto non l'ha scelta, la tira @types/d3. La ragione della sua presenza e' quella del componente che la richiede.	https://github.com/fedcal/Telemedic/security/dependabot
@types/d3-zoom	3.0.8	MIT	compatibile	Dipendenza transitiva: il progetto non l'ha scelta, la tira @types/d3. La ragione della sua presenza e' quella del componente che la richiede.	https://github.com/fedcal/Telemedic/security/dependabot
@types/debug	4.1.13	MIT	compatibile	Dipendenza transitiva: il progetto non l'ha scelta, la tira micromark. La ragione della sua presenza e' quella del componente che la richiede.	https://github.com/fedcal/Telemedic/security/dependabot
@types/estree	1.0.9	MIT	compatibile	Dipendenza transitiva: il progetto non l'ha scelta, la tira @mdx-js/mdx, @types/estree-jsx, estree-util-attach-comments e altri 15. La ragione della sua presenza e' quella del componente che la richiede.	https://github.com/fedcal/Telemedic/security/dependabot
@types/estree-jsx	1.0.5	MIT	compatibile	Dipendenza transitiva: il progetto non l'ha scelta, la tira @mdx-js/mdx, esast-util-from-estree, esast-util-from-js e altri 7. La ragione della sua presenza e' quella del componente che la richiede.	https://github.com/fedcal/Telemedic/security/dependabot
@types/express	4.17.25	MIT	compatibile	Dipendenza transitiva: il progetto non l'ha scelta, la tira @types/serve-index, http-proxy-middleware, webpack-dev-server. La ragione della sua presenza e' quella del componente che la richiede.	https://github.com/fedcal/Telemedic/security/dependabot
@types/express-serve-static-core	4.19.9	MIT	compatibile	Dipendenza transitiva: il progetto non l'ha scelta, la tira @types/connect-history-api-fallback, @types/express, webpack-dev-server. La ragione della sua presenza e' quella del componente che la richiede.	https://github.com/fedcal/Telemedic/security/dependabot
@types/geojson	7946.0.16	MIT	compatibile	Dipendenza transitiva: il progetto non l'ha scelta, la tira @types/d3-contour, @types/d3-geo. La ragione della sua presenza e' quella del componente che la richiede.	https://github.com/fedcal/Telemedic/security/dependabot
@types/hast	3.0.5	MIT	compatibile	Dipendenza transitiva: il progetto non l'ha scelta, la tira @mdx-js/mdx, hast-util-from-parse5, hast-util-is-element e altri 18. La ragione della sua presenza e' quella del componente che la richiede.	https://github.com/fedcal/Telemedic/security/dependabot
@types/history	4.7.11	MIT	compatibile	Dipendenza transitiva: il progetto non l'ha scelta, la tira @docusaurus/module-type-aliases, @docusaurus/theme-common, @docusaurus/types e altri 3. La ragione della sua presenza e' quella del componente che la richiede.	https://github.com/fedcal/Telemedic/security/dependabot
@types/html-minifier-terser	6.1.0	MIT	compatibile	Dipendenza transitiva: il progetto non l'ha scelta, la tira html-webpack-plugin. La ragione della sua presenza e' quella del componente che la richiede.	https://github.com/fedcal/Telemedic/security/dependabot
@types/http-cache-semantics	4.2.0	MIT	compatibile	Dipendenza transitiva: il progetto non l'ha scelta, la tira cacheable-request. La ragione della sua presenza e' quella del componente che la richiede.	https://github.com/fedcal/Telemedic/security/dependabot
@types/http-errors	2.0.5	MIT	compatibile	Dipendenza transitiva: il progetto non l'ha scelta, la tira @types/serve-static. La ragione della sua presenza e' quella del componente che la richiede.	https://github.com/fedcal/Telemedic/security/dependabot
@types/http-proxy	1.17.17	MIT	compatibile	Dipendenza transitiva: il progetto non l'ha scelta, la tira http-proxy-middleware. La ragione della sua presenza e' quella del componente che la richiede.	https://github.com/fedcal/Telemedic/security/dependabot
@types/istanbul-lib-coverage	2.0.6	MIT	compatibile	Dipendenza transitiva: il progetto non l'ha scelta, la tira @jest/types, @types/istanbul-lib-report. La ragione della sua presenza e' quella del componente che la richiede.	https://github.com/fedcal/Telemedic/security/dependabot
@types/istanbul-lib-report	3.0.3	MIT	compatibile	Dipendenza transitiva: il progetto non l'ha scelta, la tira @types/istanbul-reports. La ragione della sua presenza e' quella del componente che la richiede.	https://github.com/fedcal/Telemedic/security/dependabot
@types/istanbul-reports	3.0.4	MIT	compatibile	Dipendenza transitiva: il progetto non l'ha scelta, la tira @jest/types. La ragione della sua presenza e' quella del componente che la richiede.	https://github.com/fedcal/Telemedic/security/dependabot
@types/json-schema	7.0.15	MIT	compatibile	Dipendenza transitiva: il progetto non l'ha scelta, la tira schema-utils, webpack. La ragione della sua presenza e' quella del componente che la richiede.	https://github.com/fedcal/Telemedic/security/dependabot
@types/mdast	4.0.4	MIT	compatibile	Dipendenza transitiva: il progetto non l'ha scelta, la tira @docusaurus/types, mdast-util-directive, mdast-util-find-and-replace e altri 22. La ragione della sua presenza e' quella del componente che la richiede.	https://github.com/fedcal/Telemedic/security/dependabot
@types/mdx	2.0.14	MIT	compatibile	Dipendenza transitiva: il progetto non l'ha scelta, la tira @mdx-js/mdx, @mdx-js/react. La ragione della sua presenza e' quella del componente che la richiede.	https://github.com/fedcal/Telemedic/security/dependabot
@types/mime	1.3.5	MIT	compatibile	Dipendenza transitiva senza genitore dichiarato nella distinta: presente nell'albero risolto, tirata da un componente che non la dichiara come dipendenza diretta.	https://github.com/fedcal/Telemedic/security/dependabot
@types/ms	2.1.0	MIT	compatibile	Dipendenza transitiva: il progetto non l'ha scelta, la tira @types/debug. La ragione della sua presenza e' quella del componente che la richiede.	https://github.com/fedcal/Telemedic/security/dependabot
@types/node	26.3.0	MIT	compatibile	Dipendenza transitiva: il progetto non l'ha scelta, la tira @jest/types, @types/body-parser, @types/bonjour e altri 12. La ragione della sua presenza e' quella del componente che la richiede.	https://github.com/fedcal/Telemedic/security/dependabot
@types/prismjs	1.26.6	MIT	compatibile	Dipendenza transitiva: il progetto non l'ha scelta, la tira prism-react-renderer. La ragione della sua presenza e' quella del componente che la richiede.	https://github.com/fedcal/Telemedic/security/dependabot
@types/qs	6.15.1	MIT	compatibile	Dipendenza transitiva: il progetto non l'ha scelta, la tira @types/express, @types/express-serve-static-core. La ragione della sua presenza e' quella del componente che la richiede.	https://github.com/fedcal/Telemedic/security/dependabot
@types/range-parser	1.2.7	MIT	compatibile	Dipendenza transitiva: il progetto non l'ha scelta, la tira @types/express-serve-static-core. La ragione della sua presenza e' quella del componente che la richiede.	https://github.com/fedcal/Telemedic/security/dependabot
@types/react	19.2.18	MIT	compatibile	Dipendenza transitiva: il progetto non l'ha scelta, la tira @docsearch/core, @docsearch/react, @docusaurus/module-type-aliases e altri 30. La ragione della sua presenza e' quella del componente che la richiede.	https://github.com/fedcal/Telemedic/security/dependabot
@types/react-router	5.1.20	MIT	compatibile	Dipendenza transitiva: il progetto non l'ha scelta, la tira @types/react-router-config, @types/react-router-dom. La ragione della sua presenza e' quella del componente che la richiede.	https://github.com/fedcal/Telemedic/security/dependabot
@types/react-router-config	5.0.11	MIT	compatibile	Dipendenza transitiva: il progetto non l'ha scelta, la tira @docusaurus/module-type-aliases, @docusaurus/plugin-content-docs, @docusaurus/theme-common. La ragione della sua presenza e' quella del componente che la richiede.	https://github.com/fedcal/Telemedic/security/dependabot
@types/react-router-dom	5.3.3	MIT	compatibile	Dipendenza transitiva: il progetto non l'ha scelta, la tira @docusaurus/module-type-aliases. La ragione della sua presenza e' quella del componente che la richiede.	https://github.com/fedcal/Telemedic/security/dependabot
@types/retry	0.12.2	MIT	compatibile	Dipendenza transitiva: il progetto non l'ha scelta, la tira p-retry. La ragione della sua presenza e' quella del componente che la richiede.	https://github.com/fedcal/Telemedic/security/dependabot
@types/sax	1.2.7	MIT	compatibile	Dipendenza transitiva: il progetto non l'ha scelta, la tira sitemap. La ragione della sua presenza e' quella del componente che la richiede.	https://github.com/fedcal/Telemedic/security/dependabot
@types/send	1.2.1	MIT	compatibile	Dipendenza transitiva: il progetto non l'ha scelta, la tira @types/express-serve-static-core. La ragione della sua presenza e' quella del componente che la richiede.	https://github.com/fedcal/Telemedic/security/dependabot
@types/serve-index	1.9.4	MIT	compatibile	Dipendenza transitiva: il progetto non l'ha scelta, la tira webpack-dev-server. La ragione della sua presenza e' quella del componente che la richiede.	https://github.com/fedcal/Telemedic/security/dependabot
@types/serve-static	1.15.10	MIT	compatibile	Dipendenza transitiva: il progetto non l'ha scelta, la tira @types/express, webpack-dev-server. La ragione della sua presenza e' quella del componente che la richiede.	https://github.com/fedcal/Telemedic/security/dependabot
@types/sockjs	0.3.36	MIT	compatibile	Dipendenza transitiva: il progetto non l'ha scelta, la tira webpack-dev-server. La ragione della sua presenza e' quella del componente che la richiede.	https://github.com/fedcal/Telemedic/security/dependabot
@types/trusted-types	2.0.7	MIT	compatibile	Dipendenza transitiva: il progetto non l'ha scelta, la tira dompurify. La ragione della sua presenza e' quella del componente che la richiede.	https://github.com/fedcal/Telemedic/security/dependabot
@types/unist	3.0.3	MIT	compatibile	Dipendenza transitiva: il progetto non l'ha scelta, la tira @types/hast, @types/mdast, estree-util-visit e altri 20. La ragione della sua presenza e' quella del componente che la richiede.	https://github.com/fedcal/Telemedic/security/dependabot
@types/ws	8.18.1	MIT	compatibile	Dipendenza transitiva: il progetto non l'ha scelta, la tira webpack-dev-server. La ragione della sua presenza e' quella del componente che la richiede.	https://github.com/fedcal/Telemedic/security/dependabot
@types/yargs	17.0.35	MIT	compatibile	Dipendenza transitiva: il progetto non l'ha scelta, la tira @jest/types. La ragione della sua presenza e' quella del componente che la richiede.	https://github.com/fedcal/Telemedic/security/dependabot
@types/yargs-parser	21.0.3	MIT	compatibile	Dipendenza transitiva: il progetto non l'ha scelta, la tira @types/yargs. La ragione della sua presenza e' quella del componente che la richiede.	https://github.com/fedcal/Telemedic/security/dependabot
@ungap/structured-clone	1.3.3	ISC	compatibile	Dipendenza transitiva: il progetto non l'ha scelta, la tira hast-util-raw, mdast-util-to-hast. La ragione della sua presenza e' quella del componente che la richiede.	https://github.com/fedcal/Telemedic/security/dependabot
@upsetjs/venn.js	2.0.0	MIT	compatibile	Dipendenza transitiva: il progetto non l'ha scelta, la tira mermaid. La ragione della sua presenza e' quella del componente che la richiede.	https://github.com/fedcal/Telemedic/security/dependabot
@webassemblyjs/ast	1.14.1	MIT	compatibile	Dipendenza transitiva: il progetto non l'ha scelta, la tira @webassemblyjs/helper-wasm-section, @webassemblyjs/wasm-edit, @webassemblyjs/wasm-gen e altri 4. La ragione della sua presenza e' quella del componente che la richiede.	https://github.com/fedcal/Telemedic/security/dependabot
@webassemblyjs/floating-point-hex-parser	1.13.2	MIT	compatibile	Dipendenza transitiva: il progetto non l'ha scelta, la tira @webassemblyjs/helper-numbers. La ragione della sua presenza e' quella del componente che la richiede.	https://github.com/fedcal/Telemedic/security/dependabot
@webassemblyjs/helper-api-error	1.13.2	MIT	compatibile	Dipendenza transitiva: il progetto non l'ha scelta, la tira @webassemblyjs/helper-numbers, @webassemblyjs/wasm-parser. La ragione della sua presenza e' quella del componente che la richiede.	https://github.com/fedcal/Telemedic/security/dependabot
@webassemblyjs/helper-buffer	1.14.1	MIT	compatibile	Dipendenza transitiva: il progetto non l'ha scelta, la tira @webassemblyjs/helper-wasm-section, @webassemblyjs/wasm-edit, @webassemblyjs/wasm-opt. La ragione della sua presenza e' quella del componente che la richiede.	https://github.com/fedcal/Telemedic/security/dependabot
@webassemblyjs/helper-numbers	1.13.2	MIT	compatibile	Dipendenza transitiva: il progetto non l'ha scelta, la tira @webassemblyjs/ast. La ragione della sua presenza e' quella del componente che la richiede.	https://github.com/fedcal/Telemedic/security/dependabot
@webassemblyjs/helper-wasm-bytecode	1.13.2	MIT	compatibile	Dipendenza transitiva: il progetto non l'ha scelta, la tira @webassemblyjs/ast, @webassemblyjs/helper-wasm-section, @webassemblyjs/wasm-edit e altri 2. La ragione della sua presenza e' quella del componente che la richiede.	https://github.com/fedcal/Telemedic/security/dependabot
@webassemblyjs/helper-wasm-section	1.14.1	MIT	compatibile	Dipendenza transitiva: il progetto non l'ha scelta, la tira @webassemblyjs/wasm-edit. La ragione della sua presenza e' quella del componente che la richiede.	https://github.com/fedcal/Telemedic/security/dependabot
@webassemblyjs/ieee754	1.13.2	MIT	compatibile	Dipendenza transitiva: il progetto non l'ha scelta, la tira @webassemblyjs/wasm-gen, @webassemblyjs/wasm-parser. La ragione della sua presenza e' quella del componente che la richiede.	https://github.com/fedcal/Telemedic/security/dependabot
@webassemblyjs/leb128	1.13.2	Apache-2.0	compatibile	Dipendenza transitiva: il progetto non l'ha scelta, la tira @webassemblyjs/wasm-gen, @webassemblyjs/wasm-parser. La ragione della sua presenza e' quella del componente che la richiede.	https://github.com/fedcal/Telemedic/security/dependabot
@webassemblyjs/utf8	1.13.2	MIT	compatibile	Dipendenza transitiva: il progetto non l'ha scelta, la tira @webassemblyjs/wasm-gen, @webassemblyjs/wasm-parser. La ragione della sua presenza e' quella del componente che la richiede.	https://github.com/fedcal/Telemedic/security/dependabot
@webassemblyjs/wasm-edit	1.14.1	MIT	compatibile	Dipendenza transitiva: il progetto non l'ha scelta, la tira webpack. La ragione della sua presenza e' quella del componente che la richiede.	https://github.com/fedcal/Telemedic/security/dependabot
@webassemblyjs/wasm-gen	1.14.1	MIT	compatibile	Dipendenza transitiva: il progetto non l'ha scelta, la tira @webassemblyjs/helper-wasm-section, @webassemblyjs/wasm-edit, @webassemblyjs/wasm-opt. La ragione della sua presenza e' quella del componente che la richiede.	https://github.com/fedcal/Telemedic/security/dependabot
@webassemblyjs/wasm-opt	1.14.1	MIT	compatibile	Dipendenza transitiva: il progetto non l'ha scelta, la tira @webassemblyjs/wasm-edit. La ragione della sua presenza e' quella del componente che la richiede.	https://github.com/fedcal/Telemedic/security/dependabot
@webassemblyjs/wasm-parser	1.14.1	MIT	compatibile	Dipendenza transitiva: il progetto non l'ha scelta, la tira @webassemblyjs/wasm-edit, @webassemblyjs/wasm-opt, webpack. La ragione della sua presenza e' quella del componente che la richiede.	https://github.com/fedcal/Telemedic/security/dependabot
@webassemblyjs/wast-printer	1.14.1	MIT	compatibile	Dipendenza transitiva: il progetto non l'ha scelta, la tira @webassemblyjs/wasm-edit. La ragione della sua presenza e' quella del componente che la richiede.	https://github.com/fedcal/Telemedic/security/dependabot
@xtuc/ieee754	1.2.0	BSD-3-Clause	compatibile	Dipendenza transitiva: il progetto non l'ha scelta, la tira @webassemblyjs/ieee754. La ragione della sua presenza e' quella del componente che la richiede.	https://github.com/fedcal/Telemedic/security/dependabot
@xtuc/long	4.2.2	Apache-2.0	compatibile	Dipendenza transitiva: il progetto non l'ha scelta, la tira @webassemblyjs/helper-numbers, @webassemblyjs/leb128, @webassemblyjs/wast-printer. La ragione della sua presenza e' quella del componente che la richiede.	https://github.com/fedcal/Telemedic/security/dependabot
accepts	1.3.8	MIT	compatibile	Dipendenza transitiva: il progetto non l'ha scelta, la tira express, serve-index. La ragione della sua presenza e' quella del componente che la richiede.	https://github.com/fedcal/Telemedic/security/dependabot
acorn	8.18.0	MIT	compatibile	Dipendenza transitiva: il progetto non l'ha scelta, la tira @mdx-js/mdx, acorn-jsx, acorn-walk e altri 6. La ragione della sua presenza e' quella del componente che la richiede.	https://github.com/fedcal/Telemedic/security/dependabot
acorn-jsx	5.3.2	MIT	compatibile	Dipendenza transitiva: il progetto non l'ha scelta, la tira micromark-extension-mdxjs, recma-jsx. La ragione della sua presenza e' quella del componente che la richiede.	https://github.com/fedcal/Telemedic/security/dependabot
acorn-walk	8.3.5	MIT	compatibile	Dipendenza transitiva: il progetto non l'ha scelta, la tira webpack-bundle-analyzer. La ragione della sua presenza e' quella del componente che la richiede.	https://github.com/fedcal/Telemedic/security/dependabot
address	2.0.3	MIT	compatibile	Dipendenza transitiva: il progetto non l'ha scelta, la tira detect-port. La ragione della sua presenza e' quella del componente che la richiede.	https://github.com/fedcal/Telemedic/security/dependabot
aggregate-error	3.1.0	MIT	compatibile	Dipendenza transitiva: il progetto non l'ha scelta, la tira p-map. La ragione della sua presenza e' quella del componente che la richiede.	https://github.com/fedcal/Telemedic/security/dependabot
ajv	8.20.0	MIT	compatibile	Dipendenza transitiva: il progetto non l'ha scelta, la tira ajv-formats, ajv-keywords, schema-utils. La ragione della sua presenza e' quella del componente che la richiede.	https://github.com/fedcal/Telemedic/security/dependabot
ajv-formats	2.1.1	MIT	compatibile	Dipendenza transitiva: il progetto non l'ha scelta, la tira schema-utils. La ragione della sua presenza e' quella del componente che la richiede.	https://github.com/fedcal/Telemedic/security/dependabot
ajv-keywords	5.1.0	MIT	compatibile	Dipendenza transitiva: il progetto non l'ha scelta, la tira schema-utils. La ragione della sua presenza e' quella del componente che la richiede.	https://github.com/fedcal/Telemedic/security/dependabot
algoliasearch	5.57.0	MIT	compatibile	Dipendenza transitiva: il progetto non l'ha scelta, la tira @algolia/autocomplete-shared, @docusaurus/theme-search-algolia, algoliasearch-helper. La ragione della sua presenza e' quella del componente che la richiede.	https://github.com/fedcal/Telemedic/security/dependabot
algoliasearch-helper	3.29.3	MIT	compatibile	Dipendenza transitiva: il progetto non l'ha scelta, la tira @docusaurus/theme-search-algolia. La ragione della sua presenza e' quella del componente che la richiede.	https://github.com/fedcal/Telemedic/security/dependabot
ansi-align	3.0.1	ISC	compatibile	Dipendenza transitiva: il progetto non l'ha scelta, la tira boxen. La ragione della sua presenza e' quella del componente che la richiede.	https://github.com/fedcal/Telemedic/security/dependabot
ansi-html-community	0.0.8	Apache-2.0	compatibile	Dipendenza transitiva: il progetto non l'ha scelta, la tira webpack-dev-server. La ragione della sua presenza e' quella del componente che la richiede.	https://github.com/fedcal/Telemedic/security/dependabot
ansi-regex	5.0.1	MIT	compatibile	Dipendenza transitiva: il progetto non l'ha scelta, la tira strip-ansi. La ragione della sua presenza e' quella del componente che la richiede.	https://github.com/fedcal/Telemedic/security/dependabot
ansi-styles	4.3.0	MIT	compatibile	Dipendenza transitiva: il progetto non l'ha scelta, la tira chalk. La ragione della sua presenza e' quella del componente che la richiede.	https://github.com/fedcal/Telemedic/security/dependabot
ansis	3.17.0	ISC	compatibile	Dipendenza transitiva: il progetto non l'ha scelta, la tira webpackbar. La ragione della sua presenza e' quella del componente che la richiede.	https://github.com/fedcal/Telemedic/security/dependabot
anymatch	3.1.3	ISC	compatibile	Dipendenza transitiva: il progetto non l'ha scelta, la tira chokidar. La ragione della sua presenza e' quella del componente che la richiede.	https://github.com/fedcal/Telemedic/security/dependabot
arg	5.0.2	MIT	compatibile	Dipendenza transitiva: il progetto non l'ha scelta, la tira sitemap. La ragione della sua presenza e' quella del componente che la richiede.	https://github.com/fedcal/Telemedic/security/dependabot
argparse	2.0.1	Python-2.0	compatibile	Dipendenza transitiva: il progetto non l'ha scelta, la tira js-yaml. La ragione della sua presenza e' quella del componente che la richiede.	https://github.com/fedcal/Telemedic/security/dependabot
aria-hidden	1.2.6	MIT	compatibile	Dipendenza transitiva: il progetto non l'ha scelta, la tira @radix-ui/react-dialog. La ragione della sua presenza e' quella del componente che la richiede.	https://github.com/fedcal/Telemedic/security/dependabot
array-flatten	1.1.1	MIT	compatibile	Dipendenza transitiva: il progetto non l'ha scelta, la tira express. La ragione della sua presenza e' quella del componente che la richiede.	https://github.com/fedcal/Telemedic/security/dependabot
array-union	2.1.0	MIT	compatibile	Dipendenza transitiva: il progetto non l'ha scelta, la tira globby. La ragione della sua presenza e' quella del componente che la richiede.	https://github.com/fedcal/Telemedic/security/dependabot
asn1js	3.0.10	BSD-3-Clause	compatibile	Dipendenza transitiva: il progetto non l'ha scelta, la tira @peculiar/asn1-cms, @peculiar/asn1-csr, @peculiar/asn1-ecc e altri 8. La ragione della sua presenza e' quella del componente che la richiede.	https://github.com/fedcal/Telemedic/security/dependabot
astring	1.9.0	MIT	compatibile	Dipendenza transitiva: il progetto non l'ha scelta, la tira estree-util-to-js. La ragione della sua presenza e' quella del componente che la richiede.	https://github.com/fedcal/Telemedic/security/dependabot
autoprefixer	10.5.4	MIT	compatibile	Dipendenza transitiva: il progetto non l'ha scelta, la tira cssnano-preset-advanced, postcss-preset-env. La ragione della sua presenza e' quella del componente che la richiede.	https://github.com/fedcal/Telemedic/security/dependabot
babel-loader	9.2.1	MIT	compatibile	Dipendenza transitiva: il progetto non l'ha scelta, la tira @docusaurus/bundler. La ragione della sua presenza e' quella del componente che la richiede.	https://github.com/fedcal/Telemedic/security/dependabot
babel-plugin-dynamic-import-node	2.3.3	MIT	compatibile	Dipendenza transitiva: il progetto non l'ha scelta, la tira @docusaurus/babel. La ragione della sua presenza e' quella del componente che la richiede.	https://github.com/fedcal/Telemedic/security/dependabot
babel-plugin-polyfill-corejs2	0.4.17	MIT	compatibile	Dipendenza transitiva: il progetto non l'ha scelta, la tira @babel/plugin-transform-runtime, @babel/preset-env. La ragione della sua presenza e' quella del componente che la richiede.	https://github.com/fedcal/Telemedic/security/dependabot
babel-plugin-polyfill-corejs3	0.13.0	MIT	compatibile	Dipendenza transitiva: il progetto non l'ha scelta, la tira @babel/plugin-transform-runtime. La ragione della sua presenza e' quella del componente che la richiede.	https://github.com/fedcal/Telemedic/security/dependabot
babel-plugin-polyfill-regenerator	0.6.8	MIT	compatibile	Dipendenza transitiva: il progetto non l'ha scelta, la tira @babel/plugin-transform-runtime, @babel/preset-env. La ragione della sua presenza e' quella del componente che la richiede.	https://github.com/fedcal/Telemedic/security/dependabot
bail	2.0.2	MIT	compatibile	Dipendenza transitiva: il progetto non l'ha scelta, la tira unified. La ragione della sua presenza e' quella del componente che la richiede.	https://github.com/fedcal/Telemedic/security/dependabot
balanced-match	1.0.2	MIT	compatibile	Dipendenza transitiva: il progetto non l'ha scelta, la tira brace-expansion. La ragione della sua presenza e' quella del componente che la richiede.	https://github.com/fedcal/Telemedic/security/dependabot
baseline-browser-mapping	2.11.19	Apache-2.0	compatibile	Dipendenza transitiva: il progetto non l'ha scelta, la tira browserslist. La ragione della sua presenza e' quella del componente che la richiede.	https://github.com/fedcal/Telemedic/security/dependabot
batch	0.6.1	MIT	compatibile	Dipendenza transitiva: il progetto non l'ha scelta, la tira serve-index. La ragione della sua presenza e' quella del componente che la richiede.	https://github.com/fedcal/Telemedic/security/dependabot
big.js	5.2.2	MIT	compatibile	Dipendenza transitiva: il progetto non l'ha scelta, la tira loader-utils. La ragione della sua presenza e' quella del componente che la richiede.	https://github.com/fedcal/Telemedic/security/dependabot
binary-extensions	2.3.0	MIT	compatibile	Dipendenza transitiva: il progetto non l'ha scelta, la tira is-binary-path. La ragione della sua presenza e' quella del componente che la richiede.	https://github.com/fedcal/Telemedic/security/dependabot
body-parser	1.20.6	MIT	compatibile	Dipendenza transitiva: il progetto non l'ha scelta, la tira express. La ragione della sua presenza e' quella del componente che la richiede.	https://github.com/fedcal/Telemedic/security/dependabot
bonjour-service	1.4.4	MIT	compatibile	Dipendenza transitiva: il progetto non l'ha scelta, la tira webpack-dev-server. La ragione della sua presenza e' quella del componente che la richiede.	https://github.com/fedcal/Telemedic/security/dependabot
boolbase	1.0.0	ISC	compatibile	Dipendenza transitiva: il progetto non l'ha scelta, la tira cheerio-select, css-select, nth-check. La ragione della sua presenza e' quella del componente che la richiede.	https://github.com/fedcal/Telemedic/security/dependabot
boxen	6.2.1	MIT	compatibile	Dipendenza transitiva: il progetto non l'ha scelta, la tira @docusaurus/core. La ragione della sua presenza e' quella del componente che la richiede.	https://github.com/fedcal/Telemedic/security/dependabot
brace-expansion	1.1.18	MIT	compatibile	Dipendenza transitiva: il progetto non l'ha scelta, la tira minimatch. La ragione della sua presenza e' quella del componente che la richiede.	https://github.com/fedcal/Telemedic/security/dependabot
braces	3.0.3	MIT	compatibile	Dipendenza transitiva: il progetto non l'ha scelta, la tira chokidar, micromatch. La ragione della sua presenza e' quella del componente che la richiede.	https://github.com/fedcal/Telemedic/security/dependabot
browserslist	4.28.8	MIT	compatibile	Dipendenza transitiva: il progetto non l'ha scelta, la tira @babel/helper-compilation-targets, autoprefixer, caniuse-api e altri 13. La ragione della sua presenza e' quella del componente che la richiede.	https://github.com/fedcal/Telemedic/security/dependabot
buffer-from	1.1.2	MIT	compatibile	Dipendenza transitiva: il progetto non l'ha scelta, la tira source-map-support. La ragione della sua presenza e' quella del componente che la richiede.	https://github.com/fedcal/Telemedic/security/dependabot
bundle-name	4.1.0	MIT	compatibile	Dipendenza transitiva: il progetto non l'ha scelta, la tira default-browser. La ragione della sua presenza e' quella del componente che la richiede.	https://github.com/fedcal/Telemedic/security/dependabot
bytes	3.0.0	MIT	compatibile	Dipendenza transitiva: il progetto non l'ha scelta, la tira serve-handler. La ragione della sua presenza e' quella del componente che la richiede.	https://github.com/fedcal/Telemedic/security/dependabot
bytestreamjs	2.0.1	BSD-3-Clause	compatibile	Dipendenza transitiva: il progetto non l'ha scelta, la tira pkijs. La ragione della sua presenza e' quella del componente che la richiede.	https://github.com/fedcal/Telemedic/security/dependabot
cacheable-lookup	7.0.0	MIT	compatibile	Dipendenza transitiva: il progetto non l'ha scelta, la tira got. La ragione della sua presenza e' quella del componente che la richiede.	https://github.com/fedcal/Telemedic/security/dependabot
cacheable-request	10.2.14	MIT	compatibile	Dipendenza transitiva: il progetto non l'ha scelta, la tira got. La ragione della sua presenza e' quella del componente che la richiede.	https://github.com/fedcal/Telemedic/security/dependabot
call-bind	1.0.9	MIT	compatibile	Dipendenza transitiva: il progetto non l'ha scelta, la tira object.assign. La ragione della sua presenza e' quella del componente che la richiede.	https://github.com/fedcal/Telemedic/security/dependabot
call-bind-apply-helpers	1.0.2	MIT	compatibile	Dipendenza transitiva: il progetto non l'ha scelta, la tira call-bind, call-bound, dunder-proto e altri 1. La ragione della sua presenza e' quella del componente che la richiede.	https://github.com/fedcal/Telemedic/security/dependabot
call-bound	1.0.4	MIT	compatibile	Dipendenza transitiva: il progetto non l'ha scelta, la tira object.assign, side-channel-map, side-channel-weakmap. La ragione della sua presenza e' quella del componente che la richiede.	https://github.com/fedcal/Telemedic/security/dependabot
callsites	3.1.0	MIT	compatibile	Dipendenza transitiva: il progetto non l'ha scelta, la tira parent-module. La ragione della sua presenza e' quella del componente che la richiede.	https://github.com/fedcal/Telemedic/security/dependabot
camel-case	4.1.2	MIT	compatibile	Dipendenza transitiva: il progetto non l'ha scelta, la tira html-minifier-terser. La ragione della sua presenza e' quella del componente che la richiede.	https://github.com/fedcal/Telemedic/security/dependabot
camelcase	6.3.0	MIT	compatibile	Dipendenza transitiva: il progetto non l'ha scelta, la tira @svgr/core, boxen. La ragione della sua presenza e' quella del componente che la richiede.	https://github.com/fedcal/Telemedic/security/dependabot
caniuse-api	3.0.0	MIT	compatibile	Dipendenza transitiva: il progetto non l'ha scelta, la tira postcss-colormin, postcss-merge-rules, postcss-reduce-initial. La ragione della sua presenza e' quella del componente che la richiede.	https://github.com/fedcal/Telemedic/security/dependabot
caniuse-lite	1.0.30001810	CC-BY-4.0	indeterminabile	Dipendenza transitiva: il progetto non l'ha scelta, la tira autoprefixer, browserslist, caniuse-api. La ragione della sua presenza e' quella del componente che la richiede.	https://github.com/fedcal/Telemedic/security/dependabot
ccount	2.0.1	MIT	compatibile	Dipendenza transitiva: il progetto non l'ha scelta, la tira mdast-util-directive, mdast-util-gfm-autolink-literal, mdast-util-mdx-jsx. La ragione della sua presenza e' quella del componente che la richiede.	https://github.com/fedcal/Telemedic/security/dependabot
chalk	4.1.2	MIT	compatibile	Dipendenza transitiva: il progetto non l'ha scelta, la tira @docusaurus/core, @docusaurus/logger, @jest/types e altri 2. La ragione della sua presenza e' quella del componente che la richiede.	https://github.com/fedcal/Telemedic/security/dependabot
char-regex	1.0.2	MIT	compatibile	Dipendenza transitiva: il progetto non l'ha scelta, la tira node-emoji. La ragione della sua presenza e' quella del componente che la richiede.	https://github.com/fedcal/Telemedic/security/dependabot
character-entities	2.0.2	MIT	compatibile	Dipendenza transitiva: il progetto non l'ha scelta, la tira decode-named-character-reference. La ragione della sua presenza e' quella del componente che la richiede.	https://github.com/fedcal/Telemedic/security/dependabot
character-entities-html4	2.1.0	MIT	compatibile	Dipendenza transitiva: il progetto non l'ha scelta, la tira stringify-entities. La ragione della sua presenza e' quella del componente che la richiede.	https://github.com/fedcal/Telemedic/security/dependabot
character-entities-legacy	3.0.0	MIT	compatibile	Dipendenza transitiva: il progetto non l'ha scelta, la tira parse-entities, stringify-entities. La ragione della sua presenza e' quella del componente che la richiede.	https://github.com/fedcal/Telemedic/security/dependabot
character-reference-invalid	2.0.1	MIT	compatibile	Dipendenza transitiva: il progetto non l'ha scelta, la tira parse-entities. La ragione della sua presenza e' quella del componente che la richiede.	https://github.com/fedcal/Telemedic/security/dependabot
cheerio	1.0.0-rc.12	MIT	compatibile	Dipendenza transitiva: il progetto non l'ha scelta, la tira @docusaurus/plugin-content-blog. La ragione della sua presenza e' quella del componente che la richiede.	https://github.com/fedcal/Telemedic/security/dependabot
cheerio-select	2.1.0	BSD-2-Clause	compatibile	Dipendenza transitiva: il progetto non l'ha scelta, la tira cheerio. La ragione della sua presenza e' quella del componente che la richiede.	https://github.com/fedcal/Telemedic/security/dependabot
chokidar	3.6.0	MIT	compatibile	Dipendenza transitiva: il progetto non l'ha scelta, la tira @docusaurus/core, webpack-dev-server. La ragione della sua presenza e' quella del componente che la richiede.	https://github.com/fedcal/Telemedic/security/dependabot
chrome-trace-event	1.0.4	MIT	compatibile	Dipendenza transitiva: il progetto non l'ha scelta, la tira webpack. La ragione della sua presenza e' quella del componente che la richiede.	https://github.com/fedcal/Telemedic/security/dependabot
ci-info	3.9.0	MIT	compatibile	Dipendenza transitiva: il progetto non l'ha scelta, la tira is-ci, jest-util. La ragione della sua presenza e' quella del componente che la richiede.	https://github.com/fedcal/Telemedic/security/dependabot
clean-css	5.3.3	MIT	compatibile	Dipendenza transitiva: il progetto non l'ha scelta, la tira @docusaurus/bundler, html-minifier-terser. La ragione della sua presenza e' quella del componente che la richiede.	https://github.com/fedcal/Telemedic/security/dependabot
clean-stack	2.2.0	MIT	compatibile	Dipendenza transitiva: il progetto non l'ha scelta, la tira aggregate-error. La ragione della sua presenza e' quella del componente che la richiede.	https://github.com/fedcal/Telemedic/security/dependabot
cli-boxes	3.0.0	MIT	compatibile	Dipendenza transitiva: il progetto non l'ha scelta, la tira boxen. La ragione della sua presenza e' quella del componente che la richiede.	https://github.com/fedcal/Telemedic/security/dependabot
cli-table3	0.6.5	MIT	compatibile	Dipendenza transitiva: il progetto non l'ha scelta, la tira @docusaurus/core. La ragione della sua presenza e' quella del componente che la richiede.	https://github.com/fedcal/Telemedic/security/dependabot
clone-deep	4.0.1	MIT	compatibile	Dipendenza transitiva: il progetto non l'ha scelta, la tira webpack-merge. La ragione della sua presenza e' quella del componente che la richiede.	https://github.com/fedcal/Telemedic/security/dependabot
collapse-white-space	2.1.0	MIT	compatibile	Dipendenza transitiva: il progetto non l'ha scelta, la tira @mdx-js/mdx. La ragione della sua presenza e' quella del componente che la richiede.	https://github.com/fedcal/Telemedic/security/dependabot
color-convert	2.0.1	MIT	compatibile	Dipendenza transitiva: il progetto non l'ha scelta, la tira ansi-styles. La ragione della sua presenza e' quella del componente che la richiede.	https://github.com/fedcal/Telemedic/security/dependabot
color-name	1.1.4	MIT	compatibile	Dipendenza transitiva: il progetto non l'ha scelta, la tira color-convert. La ragione della sua presenza e' quella del componente che la richiede.	https://github.com/fedcal/Telemedic/security/dependabot
colord	2.10.0	MIT	compatibile	Dipendenza transitiva: il progetto non l'ha scelta, la tira postcss-colormin, postcss-minify-gradients. La ragione della sua presenza e' quella del componente che la richiede.	https://github.com/fedcal/Telemedic/security/dependabot
colorette	2.0.20	MIT	compatibile	Dipendenza transitiva: il progetto non l'ha scelta, la tira webpack-dev-middleware, webpack-dev-server. La ragione della sua presenza e' quella del componente che la richiede.	https://github.com/fedcal/Telemedic/security/dependabot
combine-promises	1.2.0	MIT	compatibile	Dipendenza transitiva: il progetto non l'ha scelta, la tira @docusaurus/core, @docusaurus/plugin-content-blog, @docusaurus/plugin-content-docs. La ragione della sua presenza e' quella del componente che la richiede.	https://github.com/fedcal/Telemedic/security/dependabot
comlink	4.4.2	Apache-2.0	compatibile	Dipendenza transitiva: il progetto non l'ha scelta, la tira @easyops-cn/docusaurus-search-local. La ragione della sua presenza e' quella del componente che la richiede.	https://github.com/fedcal/Telemedic/security/dependabot
comma-separated-tokens	2.0.3	MIT	compatibile	Dipendenza transitiva: il progetto non l'ha scelta, la tira hast-util-to-estree, hast-util-to-jsx-runtime, hast-util-to-parse5 e altri 1. La ragione della sua presenza e' quella del componente che la richiede.	https://github.com/fedcal/Telemedic/security/dependabot
commander	5.1.0	MIT	compatibile	Dipendenza transitiva: il progetto non l'ha scelta, la tira @docusaurus/core, @docusaurus/types. La ragione della sua presenza e' quella del componente che la richiede.	https://github.com/fedcal/Telemedic/security/dependabot
common-path-prefix	3.0.0	ISC	compatibile	Dipendenza transitiva: il progetto non l'ha scelta, la tira find-cache-dir. La ragione della sua presenza e' quella del componente che la richiede.	https://github.com/fedcal/Telemedic/security/dependabot
compressible	2.0.18	MIT	compatibile	Dipendenza transitiva: il progetto non l'ha scelta, la tira compression. La ragione della sua presenza e' quella del componente che la richiede.	https://github.com/fedcal/Telemedic/security/dependabot
compression	1.8.1	MIT	compatibile	Dipendenza transitiva: il progetto non l'ha scelta, la tira webpack-dev-server. La ragione della sua presenza e' quella del componente che la richiede.	https://github.com/fedcal/Telemedic/security/dependabot
concat-map	0.0.1	MIT	compatibile	Dipendenza transitiva: il progetto non l'ha scelta, la tira brace-expansion. La ragione della sua presenza e' quella del componente che la richiede.	https://github.com/fedcal/Telemedic/security/dependabot
config-chain	1.1.13	MIT	compatibile	Dipendenza transitiva: il progetto non l'ha scelta, la tira @pnpm/npm-conf. La ragione della sua presenza e' quella del componente che la richiede.	https://github.com/fedcal/Telemedic/security/dependabot
configstore	6.0.0	BSD-2-Clause	compatibile	Dipendenza transitiva: il progetto non l'ha scelta, la tira update-notifier. La ragione della sua presenza e' quella del componente che la richiede.	https://github.com/fedcal/Telemedic/security/dependabot
connect-history-api-fallback	2.0.0	MIT	compatibile	Dipendenza transitiva: il progetto non l'ha scelta, la tira webpack-dev-server. La ragione della sua presenza e' quella del componente che la richiede.	https://github.com/fedcal/Telemedic/security/dependabot
consola	3.4.2	MIT	compatibile	Dipendenza transitiva: il progetto non l'ha scelta, la tira webpackbar. La ragione della sua presenza e' quella del componente che la richiede.	https://github.com/fedcal/Telemedic/security/dependabot
content-disposition	0.5.2	MIT	compatibile	Dipendenza transitiva: il progetto non l'ha scelta, la tira serve-handler. La ragione della sua presenza e' quella del componente che la richiede.	https://github.com/fedcal/Telemedic/security/dependabot
content-type	1.0.5	MIT	compatibile	Dipendenza transitiva: il progetto non l'ha scelta, la tira body-parser, express. La ragione della sua presenza e' quella del componente che la richiede.	https://github.com/fedcal/Telemedic/security/dependabot
convert-source-map	2.0.0	MIT	compatibile	Dipendenza transitiva: il progetto non l'ha scelta, la tira @babel/core. La ragione della sua presenza e' quella del componente che la richiede.	https://github.com/fedcal/Telemedic/security/dependabot
cookie	0.7.2	MIT	compatibile	Dipendenza transitiva: il progetto non l'ha scelta, la tira express. La ragione della sua presenza e' quella del componente che la richiede.	https://github.com/fedcal/Telemedic/security/dependabot
cookie-signature	1.0.7	MIT	compatibile	Dipendenza transitiva: il progetto non l'ha scelta, la tira express. La ragione della sua presenza e' quella del componente che la richiede.	https://github.com/fedcal/Telemedic/security/dependabot
copy-text-to-clipboard	3.2.2	MIT	compatibile	Dipendenza transitiva: il progetto non l'ha scelta, la tira @docusaurus/theme-classic. La ragione della sua presenza e' quella del componente che la richiede.	https://github.com/fedcal/Telemedic/security/dependabot
copy-webpack-plugin	11.0.0	MIT	compatibile	Dipendenza transitiva: il progetto non l'ha scelta, la tira @docusaurus/bundler. La ragione della sua presenza e' quella del componente che la richiede.	https://github.com/fedcal/Telemedic/security/dependabot
core-js	3.50.0	MIT	compatibile	Dipendenza transitiva: il progetto non l'ha scelta, la tira @docusaurus/core. La ragione della sua presenza e' quella del componente che la richiede.	https://github.com/fedcal/Telemedic/security/dependabot
core-js-compat	3.50.0	MIT	compatibile	Dipendenza transitiva: il progetto non l'ha scelta, la tira @babel/preset-env, babel-plugin-polyfill-corejs3. La ragione della sua presenza e' quella del componente che la richiede.	https://github.com/fedcal/Telemedic/security/dependabot
core-util-is	1.0.3	MIT	compatibile	Dipendenza transitiva senza genitore dichiarato nella distinta: presente nell'albero risolto, tirata da un componente che non la dichiara come dipendenza diretta.	https://github.com/fedcal/Telemedic/security/dependabot
cose-base	1.0.3	MIT	compatibile	Dipendenza transitiva: il progetto non l'ha scelta, la tira cytoscape-cose-bilkent. La ragione della sua presenza e' quella del componente che la richiede.	https://github.com/fedcal/Telemedic/security/dependabot
cosmiconfig	8.3.6	MIT	compatibile	Dipendenza transitiva: il progetto non l'ha scelta, la tira @svgr/core, @svgr/plugin-svgo, postcss-loader. La ragione della sua presenza e' quella del componente che la richiede.	https://github.com/fedcal/Telemedic/security/dependabot
cross-spawn	7.0.6	MIT	compatibile	Dipendenza transitiva: il progetto non l'ha scelta, la tira execa. La ragione della sua presenza e' quella del componente che la richiede.	https://github.com/fedcal/Telemedic/security/dependabot
crypto-random-string	4.0.0	MIT	compatibile	Dipendenza transitiva: il progetto non l'ha scelta, la tira unique-string. La ragione della sua presenza e' quella del componente che la richiede.	https://github.com/fedcal/Telemedic/security/dependabot
css-blank-pseudo	7.0.1	MIT-0	compatibile	Dipendenza transitiva: il progetto non l'ha scelta, la tira postcss-preset-env. La ragione della sua presenza e' quella del componente che la richiede.	https://github.com/fedcal/Telemedic/security/dependabot
css-declaration-sorter	7.4.0	ISC	compatibile	Dipendenza transitiva: il progetto non l'ha scelta, la tira cssnano-preset-default. La ragione della sua presenza e' quella del componente che la richiede.	https://github.com/fedcal/Telemedic/security/dependabot
css-has-pseudo	7.0.3	MIT-0	compatibile	Dipendenza transitiva: il progetto non l'ha scelta, la tira postcss-preset-env. La ragione della sua presenza e' quella del componente che la richiede.	https://github.com/fedcal/Telemedic/security/dependabot
css-loader	6.11.0	MIT	compatibile	Dipendenza transitiva: il progetto non l'ha scelta, la tira @docusaurus/bundler. La ragione della sua presenza e' quella del componente che la richiede.	https://github.com/fedcal/Telemedic/security/dependabot
css-minimizer-webpack-plugin	5.0.1	MIT	compatibile	Dipendenza transitiva: il progetto non l'ha scelta, la tira @docusaurus/bundler. La ragione della sua presenza e' quella del componente che la richiede.	https://github.com/fedcal/Telemedic/security/dependabot
css-prefers-color-scheme	10.0.0	MIT-0	compatibile	Dipendenza transitiva: il progetto non l'ha scelta, la tira postcss-preset-env. La ragione della sua presenza e' quella del componente che la richiede.	https://github.com/fedcal/Telemedic/security/dependabot
css-select	5.2.2	BSD-2-Clause	compatibile	Dipendenza transitiva: il progetto non l'ha scelta, la tira cheerio-select, svgo. La ragione della sua presenza e' quella del componente che la richiede.	https://github.com/fedcal/Telemedic/security/dependabot
css-tree	2.3.1	MIT	compatibile	Dipendenza transitiva: il progetto non l'ha scelta, la tira svgo. La ragione della sua presenza e' quella del componente che la richiede.	https://github.com/fedcal/Telemedic/security/dependabot
css-what	6.2.2	BSD-2-Clause	compatibile	Dipendenza transitiva: il progetto non l'ha scelta, la tira cheerio-select, css-select, svgo. La ragione della sua presenza e' quella del componente che la richiede.	https://github.com/fedcal/Telemedic/security/dependabot
cssdb	8.10.0	MIT-0	compatibile	Dipendenza transitiva: il progetto non l'ha scelta, la tira postcss-preset-env. La ragione della sua presenza e' quella del componente che la richiede.	https://github.com/fedcal/Telemedic/security/dependabot
cssesc	3.0.0	MIT	compatibile	Dipendenza transitiva: il progetto non l'ha scelta, la tira @easyops-cn/autocomplete.js, postcss-selector-parser. La ragione della sua presenza e' quella del componente che la richiede.	https://github.com/fedcal/Telemedic/security/dependabot
cssnano	6.1.2	MIT	compatibile	Dipendenza transitiva: il progetto non l'ha scelta, la tira @docusaurus/bundler, css-minimizer-webpack-plugin. La ragione della sua presenza e' quella del componente che la richiede.	https://github.com/fedcal/Telemedic/security/dependabot
cssnano-preset-advanced	6.1.2	MIT	compatibile	Dipendenza transitiva: il progetto non l'ha scelta, la tira @docusaurus/cssnano-preset. La ragione della sua presenza e' quella del componente che la richiede.	https://github.com/fedcal/Telemedic/security/dependabot
cssnano-preset-default	6.1.2	MIT	compatibile	Dipendenza transitiva: il progetto non l'ha scelta, la tira cssnano, cssnano-preset-advanced. La ragione della sua presenza e' quella del componente che la richiede.	https://github.com/fedcal/Telemedic/security/dependabot
cssnano-utils	4.0.2	MIT	compatibile	Dipendenza transitiva: il progetto non l'ha scelta, la tira cssnano-preset-default, postcss-merge-idents, postcss-merge-rules e altri 3. La ragione della sua presenza e' quella del componente che la richiede.	https://github.com/fedcal/Telemedic/security/dependabot
csso	5.0.5	MIT	compatibile	Dipendenza transitiva: il progetto non l'ha scelta, la tira svgo. La ragione della sua presenza e' quella del componente che la richiede.	https://github.com/fedcal/Telemedic/security/dependabot
csstype	3.2.3	MIT	compatibile	Dipendenza transitiva: il progetto non l'ha scelta, la tira @types/react. La ragione della sua presenza e' quella del componente che la richiede.	https://github.com/fedcal/Telemedic/security/dependabot
cytoscape	3.34.2	MIT	compatibile	Dipendenza transitiva: il progetto non l'ha scelta, la tira cytoscape-cose-bilkent, cytoscape-fcose, mermaid. La ragione della sua presenza e' quella del componente che la richiede.	https://github.com/fedcal/Telemedic/security/dependabot
cytoscape-cose-bilkent	4.1.0	MIT	compatibile	Dipendenza transitiva: il progetto non l'ha scelta, la tira mermaid. La ragione della sua presenza e' quella del componente che la richiede.	https://github.com/fedcal/Telemedic/security/dependabot
cytoscape-fcose	2.2.0	MIT	compatibile	Dipendenza transitiva: il progetto non l'ha scelta, la tira mermaid. La ragione della sua presenza e' quella del componente che la richiede.	https://github.com/fedcal/Telemedic/security/dependabot
d3	7.9.0	ISC	compatibile	Dipendenza transitiva: il progetto non l'ha scelta, la tira dagre-d3-es, mermaid. La ragione della sua presenza e' quella del componente che la richiede.	https://github.com/fedcal/Telemedic/security/dependabot
d3-array	3.2.4	ISC	compatibile	Dipendenza transitiva: il progetto non l'ha scelta, la tira d3, d3-contour, d3-geo e altri 2. La ragione della sua presenza e' quella del componente che la richiede.	https://github.com/fedcal/Telemedic/security/dependabot
d3-axis	3.0.0	ISC	compatibile	Dipendenza transitiva: il progetto non l'ha scelta, la tira d3. La ragione della sua presenza e' quella del componente che la richiede.	https://github.com/fedcal/Telemedic/security/dependabot
d3-brush	3.0.0	ISC	compatibile	Dipendenza transitiva: il progetto non l'ha scelta, la tira d3. La ragione della sua presenza e' quella del componente che la richiede.	https://github.com/fedcal/Telemedic/security/dependabot
d3-chord	3.0.1	ISC	compatibile	Dipendenza transitiva: il progetto non l'ha scelta, la tira d3. La ragione della sua presenza e' quella del componente che la richiede.	https://github.com/fedcal/Telemedic/security/dependabot
d3-color	3.1.0	ISC	compatibile	Dipendenza transitiva: il progetto non l'ha scelta, la tira d3, d3-interpolate, d3-scale-chromatic e altri 1. La ragione della sua presenza e' quella del componente che la richiede.	https://github.com/fedcal/Telemedic/security/dependabot
d3-contour	4.0.2	ISC	compatibile	Dipendenza transitiva: il progetto non l'ha scelta, la tira d3. La ragione della sua presenza e' quella del componente che la richiede.	https://github.com/fedcal/Telemedic/security/dependabot
d3-delaunay	6.0.4	ISC	compatibile	Dipendenza transitiva: il progetto non l'ha scelta, la tira d3. La ragione della sua presenza e' quella del componente che la richiede.	https://github.com/fedcal/Telemedic/security/dependabot
d3-dispatch	3.0.1	ISC	compatibile	Dipendenza transitiva: il progetto non l'ha scelta, la tira d3, d3-brush, d3-drag e altri 3. La ragione della sua presenza e' quella del componente che la richiede.	https://github.com/fedcal/Telemedic/security/dependabot
d3-drag	3.0.0	ISC	compatibile	Dipendenza transitiva: il progetto non l'ha scelta, la tira d3, d3-brush, d3-zoom. La ragione della sua presenza e' quella del componente che la richiede.	https://github.com/fedcal/Telemedic/security/dependabot
d3-dsv	3.0.1	ISC	compatibile	Dipendenza transitiva: il progetto non l'ha scelta, la tira d3, d3-fetch. La ragione della sua presenza e' quella del componente che la richiede.	https://github.com/fedcal/Telemedic/security/dependabot
d3-ease	3.0.1	BSD-3-Clause	compatibile	Dipendenza transitiva: il progetto non l'ha scelta, la tira d3, d3-transition. La ragione della sua presenza e' quella del componente che la richiede.	https://github.com/fedcal/Telemedic/security/dependabot
d3-fetch	3.0.1	ISC	compatibile	Dipendenza transitiva: il progetto non l'ha scelta, la tira d3. La ragione della sua presenza e' quella del componente che la richiede.	https://github.com/fedcal/Telemedic/security/dependabot
d3-force	3.0.0	ISC	compatibile	Dipendenza transitiva: il progetto non l'ha scelta, la tira d3. La ragione della sua presenza e' quella del componente che la richiede.	https://github.com/fedcal/Telemedic/security/dependabot
d3-format	3.1.2	ISC	compatibile	Dipendenza transitiva: il progetto non l'ha scelta, la tira d3, d3-scale. La ragione della sua presenza e' quella del componente che la richiede.	https://github.com/fedcal/Telemedic/security/dependabot
d3-geo	3.1.1	ISC	compatibile	Dipendenza transitiva: il progetto non l'ha scelta, la tira d3. La ragione della sua presenza e' quella del componente che la richiede.	https://github.com/fedcal/Telemedic/security/dependabot
d3-hierarchy	3.1.2	ISC	compatibile	Dipendenza transitiva: il progetto non l'ha scelta, la tira d3. La ragione della sua presenza e' quella del componente che la richiede.	https://github.com/fedcal/Telemedic/security/dependabot
d3-interpolate	3.0.1	ISC	compatibile	Dipendenza transitiva: il progetto non l'ha scelta, la tira d3, d3-brush, d3-scale e altri 3. La ragione della sua presenza e' quella del componente che la richiede.	https://github.com/fedcal/Telemedic/security/dependabot
d3-path	3.1.0	ISC	compatibile	Dipendenza transitiva: il progetto non l'ha scelta, la tira d3, d3-chord, d3-shape. La ragione della sua presenza e' quella del componente che la richiede.	https://github.com/fedcal/Telemedic/security/dependabot
d3-polygon	3.0.1	ISC	compatibile	Dipendenza transitiva: il progetto non l'ha scelta, la tira d3. La ragione della sua presenza e' quella del componente che la richiede.	https://github.com/fedcal/Telemedic/security/dependabot
d3-quadtree	3.0.1	ISC	compatibile	Dipendenza transitiva: il progetto non l'ha scelta, la tira d3, d3-force. La ragione della sua presenza e' quella del componente che la richiede.	https://github.com/fedcal/Telemedic/security/dependabot
d3-random	3.0.1	ISC	compatibile	Dipendenza transitiva: il progetto non l'ha scelta, la tira d3. La ragione della sua presenza e' quella del componente che la richiede.	https://github.com/fedcal/Telemedic/security/dependabot
d3-sankey	0.12.3	BSD-3-Clause	compatibile	Dipendenza transitiva: il progetto non l'ha scelta, la tira mermaid. La ragione della sua presenza e' quella del componente che la richiede.	https://github.com/fedcal/Telemedic/security/dependabot
d3-scale	4.0.2	ISC	compatibile	Dipendenza transitiva: il progetto non l'ha scelta, la tira d3. La ragione della sua presenza e' quella del componente che la richiede.	https://github.com/fedcal/Telemedic/security/dependabot
d3-scale-chromatic	3.1.0	ISC	compatibile	Dipendenza transitiva: il progetto non l'ha scelta, la tira d3. La ragione della sua presenza e' quella del componente che la richiede.	https://github.com/fedcal/Telemedic/security/dependabot
d3-selection	3.0.0	ISC	compatibile	Dipendenza transitiva: il progetto non l'ha scelta, la tira @upsetjs/venn.js, d3, d3-brush e altri 3. La ragione della sua presenza e' quella del componente che la richiede.	https://github.com/fedcal/Telemedic/security/dependabot
d3-shape	3.2.0	ISC	compatibile	Dipendenza transitiva: il progetto non l'ha scelta, la tira d3. La ragione della sua presenza e' quella del componente che la richiede.	https://github.com/fedcal/Telemedic/security/dependabot
d3-time	3.1.0	ISC	compatibile	Dipendenza transitiva: il progetto non l'ha scelta, la tira d3, d3-scale, d3-time-format. La ragione della sua presenza e' quella del componente che la richiede.	https://github.com/fedcal/Telemedic/security/dependabot
d3-time-format	4.1.0	ISC	compatibile	Dipendenza transitiva: il progetto non l'ha scelta, la tira d3, d3-scale. La ragione della sua presenza e' quella del componente che la richiede.	https://github.com/fedcal/Telemedic/security/dependabot
d3-timer	3.0.1	ISC	compatibile	Dipendenza transitiva: il progetto non l'ha scelta, la tira d3, d3-force, d3-transition. La ragione della sua presenza e' quella del componente che la richiede.	https://github.com/fedcal/Telemedic/security/dependabot
d3-transition	3.0.1	ISC	compatibile	Dipendenza transitiva: il progetto non l'ha scelta, la tira @upsetjs/venn.js, d3, d3-brush e altri 1. La ragione della sua presenza e' quella del componente che la richiede.	https://github.com/fedcal/Telemedic/security/dependabot
d3-zoom	3.0.0	ISC	compatibile	Dipendenza transitiva: il progetto non l'ha scelta, la tira d3. La ragione della sua presenza e' quella del componente che la richiede.	https://github.com/fedcal/Telemedic/security/dependabot
dagre-d3-es	7.0.14	MIT	compatibile	Dipendenza transitiva: il progetto non l'ha scelta, la tira mermaid. La ragione della sua presenza e' quella del componente che la richiede.	https://github.com/fedcal/Telemedic/security/dependabot
dayjs	1.11.23	MIT	compatibile	Dipendenza transitiva: il progetto non l'ha scelta, la tira mermaid. La ragione della sua presenza e' quella del componente che la richiede.	https://github.com/fedcal/Telemedic/security/dependabot
debounce	1.2.1	MIT	compatibile	Dipendenza transitiva: il progetto non l'ha scelta, la tira webpack-bundle-analyzer. La ragione della sua presenza e' quella del componente che la richiede.	https://github.com/fedcal/Telemedic/security/dependabot
debug	4.4.3	MIT	compatibile	Dipendenza transitiva: il progetto non l'ha scelta, la tira @babel/core, @babel/helper-define-polyfill-provider, @babel/traverse e altri 4. La ragione della sua presenza e' quella del componente che la richiede.	https://github.com/fedcal/Telemedic/security/dependabot
decode-named-character-reference	1.3.0	MIT	compatibile	Dipendenza transitiva: il progetto non l'ha scelta, la tira mdast-util-from-markdown, micromark, micromark-core-commonmark e altri 2. La ragione della sua presenza e' quella del componente che la richiede.	https://github.com/fedcal/Telemedic/security/dependabot
decompress-response	6.0.0	MIT	compatibile	Dipendenza transitiva: il progetto non l'ha scelta, la tira got. La ragione della sua presenza e' quella del componente che la richiede.	https://github.com/fedcal/Telemedic/security/dependabot
deep-extend	0.6.0	MIT	compatibile	Dipendenza transitiva: il progetto non l'ha scelta, la tira rc. La ragione della sua presenza e' quella del componente che la richiede.	https://github.com/fedcal/Telemedic/security/dependabot
deepmerge	4.3.1	MIT	compatibile	Dipendenza transitiva: il progetto non l'ha scelta, la tira @svgr/plugin-svgo. La ragione della sua presenza e' quella del componente che la richiede.	https://github.com/fedcal/Telemedic/security/dependabot
default-browser	5.5.1	MIT	compatibile	Dipendenza transitiva senza genitore dichiarato nella distinta: presente nell'albero risolto, tirata da un componente che non la dichiara come dipendenza diretta.	https://github.com/fedcal/Telemedic/security/dependabot
default-browser-id	5.0.1	MIT	compatibile	Dipendenza transitiva: il progetto non l'ha scelta, la tira default-browser. La ragione della sua presenza e' quella del componente che la richiede.	https://github.com/fedcal/Telemedic/security/dependabot
defer-to-connect	2.0.1	MIT	compatibile	Dipendenza transitiva: il progetto non l'ha scelta, la tira @szmarczak/http-timer. La ragione della sua presenza e' quella del componente che la richiede.	https://github.com/fedcal/Telemedic/security/dependabot
define-data-property	1.1.4	MIT	compatibile	Dipendenza transitiva: il progetto non l'ha scelta, la tira define-properties, set-function-length. La ragione della sua presenza e' quella del componente che la richiede.	https://github.com/fedcal/Telemedic/security/dependabot
define-lazy-prop	2.0.0	MIT	compatibile	Dipendenza transitiva: il progetto non l'ha scelta, la tira open. La ragione della sua presenza e' quella del componente che la richiede.	https://github.com/fedcal/Telemedic/security/dependabot
define-properties	1.2.1	MIT	compatibile	Dipendenza transitiva: il progetto non l'ha scelta, la tira object.assign. La ragione della sua presenza e' quella del componente che la richiede.	https://github.com/fedcal/Telemedic/security/dependabot
delaunator	5.1.0	ISC	compatibile	Dipendenza transitiva: il progetto non l'ha scelta, la tira d3-delaunay. La ragione della sua presenza e' quella del componente che la richiede.	https://github.com/fedcal/Telemedic/security/dependabot
depd	2.0.0	MIT	compatibile	Dipendenza transitiva: il progetto non l'ha scelta, la tira body-parser, express, http-errors e altri 1. La ragione della sua presenza e' quella del componente che la richiede.	https://github.com/fedcal/Telemedic/security/dependabot
dequal	2.0.3	MIT	compatibile	Dipendenza transitiva: il progetto non l'ha scelta, la tira devlop. La ragione della sua presenza e' quella del componente che la richiede.	https://github.com/fedcal/Telemedic/security/dependabot
destroy	1.2.0	MIT	compatibile	Dipendenza transitiva: il progetto non l'ha scelta, la tira body-parser, send. La ragione della sua presenza e' quella del componente che la richiede.	https://github.com/fedcal/Telemedic/security/dependabot
detect-node	2.1.0	MIT	compatibile	Dipendenza transitiva: il progetto non l'ha scelta, la tira spdy-transport. La ragione della sua presenza e' quella del componente che la richiede.	https://github.com/fedcal/Telemedic/security/dependabot
detect-node-es	1.1.0	MIT	compatibile	Dipendenza transitiva: il progetto non l'ha scelta, la tira use-sidecar. La ragione della sua presenza e' quella del componente che la richiede.	https://github.com/fedcal/Telemedic/security/dependabot
detect-port	2.1.0	MIT	compatibile	Dipendenza transitiva: il progetto non l'ha scelta, la tira @docusaurus/core. La ragione della sua presenza e' quella del componente che la richiede.	https://github.com/fedcal/Telemedic/security/dependabot
devlop	1.1.0	MIT	compatibile	Dipendenza transitiva: il progetto non l'ha scelta, la tira @mdx-js/mdx, esast-util-from-estree, estree-util-build-jsx e altri 33. La ragione della sua presenza e' quella del componente che la richiede.	https://github.com/fedcal/Telemedic/security/dependabot
dir-glob	3.0.1	MIT	compatibile	Dipendenza transitiva: il progetto non l'ha scelta, la tira globby. La ragione della sua presenza e' quella del componente che la richiede.	https://github.com/fedcal/Telemedic/security/dependabot
dns-packet	5.6.1	MIT	compatibile	Dipendenza transitiva: il progetto non l'ha scelta, la tira multicast-dns. La ragione della sua presenza e' quella del componente che la richiede.	https://github.com/fedcal/Telemedic/security/dependabot
dom-converter	0.2.0	MIT	compatibile	Dipendenza transitiva: il progetto non l'ha scelta, la tira renderkid. La ragione della sua presenza e' quella del componente che la richiede.	https://github.com/fedcal/Telemedic/security/dependabot
dom-serializer	2.0.0	MIT	compatibile	Dipendenza transitiva: il progetto non l'ha scelta, la tira cheerio, domutils. La ragione della sua presenza e' quella del componente che la richiede.	https://github.com/fedcal/Telemedic/security/dependabot
domelementtype	2.3.0	BSD-2-Clause	compatibile	Dipendenza transitiva: il progetto non l'ha scelta, la tira cheerio-select, dom-serializer, domhandler e altri 2. La ragione della sua presenza e' quella del componente che la richiede.	https://github.com/fedcal/Telemedic/security/dependabot
domhandler	5.0.3	BSD-2-Clause	compatibile	Dipendenza transitiva: il progetto non l'ha scelta, la tira cheerio, cheerio-select, css-select e altri 4. La ragione della sua presenza e' quella del componente che la richiede.	https://github.com/fedcal/Telemedic/security/dependabot
dompurify	3.4.14	(MPL-2.0 OR Apache-2.0)	compatibile	Dipendenza transitiva: il progetto non l'ha scelta, la tira mermaid. La ragione della sua presenza e' quella del componente che la richiede.	https://github.com/fedcal/Telemedic/security/dependabot
domutils	3.2.2	BSD-2-Clause	compatibile	Dipendenza transitiva: il progetto non l'ha scelta, la tira cheerio, cheerio-select, css-select e altri 1. La ragione della sua presenza e' quella del componente che la richiede.	https://github.com/fedcal/Telemedic/security/dependabot
dot-case	3.0.4	MIT	compatibile	Dipendenza transitiva: il progetto non l'ha scelta, la tira param-case, snake-case. La ragione della sua presenza e' quella del componente che la richiede.	https://github.com/fedcal/Telemedic/security/dependabot
dot-prop	6.0.1	MIT	compatibile	Dipendenza transitiva: il progetto non l'ha scelta, la tira configstore. La ragione della sua presenza e' quella del componente che la richiede.	https://github.com/fedcal/Telemedic/security/dependabot
dunder-proto	1.0.1	MIT	compatibile	Dipendenza transitiva: il progetto non l'ha scelta, la tira get-proto. La ragione della sua presenza e' quella del componente che la richiede.	https://github.com/fedcal/Telemedic/security/dependabot
duplexer	0.1.2	MIT	compatibile	Dipendenza transitiva: il progetto non l'ha scelta, la tira gzip-size. La ragione della sua presenza e' quella del componente che la richiede.	https://github.com/fedcal/Telemedic/security/dependabot
eastasianwidth	0.2.0	MIT	compatibile	Dipendenza transitiva: il progetto non l'ha scelta, la tira string-width. La ragione della sua presenza e' quella del componente che la richiede.	https://github.com/fedcal/Telemedic/security/dependabot
ee-first	1.1.1	MIT	compatibile	Dipendenza transitiva: il progetto non l'ha scelta, la tira on-finished. La ragione della sua presenza e' quella del componente che la richiede.	https://github.com/fedcal/Telemedic/security/dependabot
electron-to-chromium	1.5.414	ISC	compatibile	Dipendenza transitiva: il progetto non l'ha scelta, la tira browserslist. La ragione della sua presenza e' quella del componente che la richiede.	https://github.com/fedcal/Telemedic/security/dependabot
emoji-regex	9.2.2	MIT	compatibile	Dipendenza transitiva: il progetto non l'ha scelta, la tira string-width. La ragione della sua presenza e' quella del componente che la richiede.	https://github.com/fedcal/Telemedic/security/dependabot
emojilib	2.4.0	MIT	compatibile	Dipendenza transitiva: il progetto non l'ha scelta, la tira node-emoji. La ragione della sua presenza e' quella del componente che la richiede.	https://github.com/fedcal/Telemedic/security/dependabot
emojis-list	3.0.0	MIT	compatibile	Dipendenza transitiva: il progetto non l'ha scelta, la tira loader-utils. La ragione della sua presenza e' quella del componente che la richiede.	https://github.com/fedcal/Telemedic/security/dependabot
emoticon	4.1.0	MIT	compatibile	Dipendenza transitiva: il progetto non l'ha scelta, la tira remark-emoji. La ragione della sua presenza e' quella del componente che la richiede.	https://github.com/fedcal/Telemedic/security/dependabot
encodeurl	2.0.0	MIT	compatibile	Dipendenza transitiva: il progetto non l'ha scelta, la tira express, finalhandler, send e altri 1. La ragione della sua presenza e' quella del componente che la richiede.	https://github.com/fedcal/Telemedic/security/dependabot
encoding-sniffer	0.2.1	MIT	compatibile	Dipendenza transitiva senza genitore dichiarato nella distinta: presente nell'albero risolto, tirata da un componente che non la dichiara come dipendenza diretta.	https://github.com/fedcal/Telemedic/security/dependabot
enhanced-resolve	5.24.5	MIT	compatibile	Dipendenza transitiva: il progetto non l'ha scelta, la tira webpack. La ragione della sua presenza e' quella del componente che la richiede.	https://github.com/fedcal/Telemedic/security/dependabot
entities	4.5.0	BSD-2-Clause	compatibile	Dipendenza transitiva: il progetto non l'ha scelta, la tira @svgr/hast-util-to-babel-ast, dom-serializer, html-minifier-terser e altri 1. La ragione della sua presenza e' quella del componente che la richiede.	https://github.com/fedcal/Telemedic/security/dependabot
error-ex	1.3.4	MIT	compatibile	Dipendenza transitiva: il progetto non l'ha scelta, la tira parse-json. La ragione della sua presenza e' quella del componente che la richiede.	https://github.com/fedcal/Telemedic/security/dependabot
es-define-property	1.0.1	MIT	compatibile	Dipendenza transitiva: il progetto non l'ha scelta, la tira call-bind, define-data-property, get-intrinsic e altri 2. La ragione della sua presenza e' quella del componente che la richiede.	https://github.com/fedcal/Telemedic/security/dependabot
es-errors	1.3.0	MIT	compatibile	Dipendenza transitiva: il progetto non l'ha scelta, la tira call-bind-apply-helpers, define-data-property, dunder-proto e altri 8. La ragione della sua presenza e' quella del componente che la richiede.	https://github.com/fedcal/Telemedic/security/dependabot
es-module-lexer	2.3.2	MIT	compatibile	Dipendenza transitiva: il progetto non l'ha scelta, la tira webpack. La ragione della sua presenza e' quella del componente che la richiede.	https://github.com/fedcal/Telemedic/security/dependabot
es-object-atoms	1.1.2	MIT	compatibile	Dipendenza transitiva: il progetto non l'ha scelta, la tira get-intrinsic, get-proto, object.assign. La ragione della sua presenza e' quella del componente che la richiede.	https://github.com/fedcal/Telemedic/security/dependabot
es-toolkit	1.51.0	MIT	compatibile	Dipendenza transitiva: il progetto non l'ha scelta, la tira mermaid. La ragione della sua presenza e' quella del componente che la richiede.	https://github.com/fedcal/Telemedic/security/dependabot
esast-util-from-estree	2.0.0	MIT	compatibile	Dipendenza transitiva: il progetto non l'ha scelta, la tira esast-util-from-js. La ragione della sua presenza e' quella del componente che la richiede.	https://github.com/fedcal/Telemedic/security/dependabot
esast-util-from-js	2.0.1	MIT	compatibile	Dipendenza transitiva: il progetto non l'ha scelta, la tira recma-parse. La ragione della sua presenza e' quella del componente che la richiede.	https://github.com/fedcal/Telemedic/security/dependabot
escalade	3.2.0	MIT	compatibile	Dipendenza transitiva: il progetto non l'ha scelta, la tira rtlcss, update-browserslist-db. La ragione della sua presenza e' quella del componente che la richiede.	https://github.com/fedcal/Telemedic/security/dependabot
escape-goat	4.0.0	MIT	compatibile	Dipendenza transitiva: il progetto non l'ha scelta, la tira pupa. La ragione della sua presenza e' quella del componente che la richiede.	https://github.com/fedcal/Telemedic/security/dependabot
escape-html	1.0.3	MIT	compatibile	Dipendenza transitiva: il progetto non l'ha scelta, la tira @docusaurus/core, @docusaurus/mdx-loader, express e altri 4. La ragione della sua presenza e' quella del componente che la richiede.	https://github.com/fedcal/Telemedic/security/dependabot
escape-string-regexp	4.0.0	MIT	compatibile	Dipendenza transitiva: il progetto non l'ha scelta, la tira @docusaurus/utils, webpack-bundle-analyzer. La ragione della sua presenza e' quella del componente che la richiede.	https://github.com/fedcal/Telemedic/security/dependabot
eslint-scope	5.1.1	BSD-2-Clause	compatibile	Dipendenza transitiva: il progetto non l'ha scelta, la tira webpack. La ragione della sua presenza e' quella del componente che la richiede.	https://github.com/fedcal/Telemedic/security/dependabot
esrecurse	4.3.0	BSD-2-Clause	compatibile	Dipendenza transitiva: il progetto non l'ha scelta, la tira eslint-scope. La ragione della sua presenza e' quella del componente che la richiede.	https://github.com/fedcal/Telemedic/security/dependabot
estraverse	4.3.0	BSD-2-Clause	compatibile	Dipendenza transitiva: il progetto non l'ha scelta, la tira eslint-scope. La ragione della sua presenza e' quella del componente che la richiede.	https://github.com/fedcal/Telemedic/security/dependabot
estree-util-attach-comments	3.0.0	MIT	compatibile	Dipendenza transitiva: il progetto non l'ha scelta, la tira hast-util-to-estree. La ragione della sua presenza e' quella del componente che la richiede.	https://github.com/fedcal/Telemedic/security/dependabot
estree-util-build-jsx	3.0.1	MIT	compatibile	Dipendenza transitiva: il progetto non l'ha scelta, la tira recma-build-jsx. La ragione della sua presenza e' quella del componente che la richiede.	https://github.com/fedcal/Telemedic/security/dependabot
estree-util-is-identifier-name	3.0.0	MIT	compatibile	Dipendenza transitiva: il progetto non l'ha scelta, la tira @mdx-js/mdx, estree-util-build-jsx, hast-util-to-estree e altri 2. La ragione della sua presenza e' quella del componente che la richiede.	https://github.com/fedcal/Telemedic/security/dependabot
estree-util-scope	1.0.1	MIT	compatibile	Dipendenza transitiva: il progetto non l'ha scelta, la tira @mdx-js/mdx. La ragione della sua presenza e' quella del componente che la richiede.	https://github.com/fedcal/Telemedic/security/dependabot
estree-util-to-js	2.0.0	MIT	compatibile	Dipendenza transitiva: il progetto non l'ha scelta, la tira recma-jsx, recma-stringify. La ragione della sua presenza e' quella del componente che la richiede.	https://github.com/fedcal/Telemedic/security/dependabot
estree-util-value-to-estree	3.5.0	MIT	compatibile	Dipendenza transitiva: il progetto non l'ha scelta, la tira @docusaurus/mdx-loader. La ragione della sua presenza e' quella del componente che la richiede.	https://github.com/fedcal/Telemedic/security/dependabot
estree-util-visit	2.0.0	MIT	compatibile	Dipendenza transitiva: il progetto non l'ha scelta, la tira esast-util-from-estree, micromark-util-events-to-acorn. La ragione della sua presenza e' quella del componente che la richiede.	https://github.com/fedcal/Telemedic/security/dependabot
estree-walker	3.0.3	MIT	compatibile	Dipendenza transitiva: il progetto non l'ha scelta, la tira @mdx-js/mdx, estree-util-build-jsx. La ragione della sua presenza e' quella del componente che la richiede.	https://github.com/fedcal/Telemedic/security/dependabot
esutils	2.0.3	BSD-2-Clause	compatibile	Dipendenza transitiva: il progetto non l'ha scelta, la tira @babel/preset-modules. La ragione della sua presenza e' quella del componente che la richiede.	https://github.com/fedcal/Telemedic/security/dependabot
eta	2.2.0	MIT	compatibile	Dipendenza transitiva: il progetto non l'ha scelta, la tira @docusaurus/core, @docusaurus/theme-search-algolia. La ragione della sua presenza e' quella del componente che la richiede.	https://github.com/fedcal/Telemedic/security/dependabot
etag	1.8.1	MIT	compatibile	Dipendenza transitiva: il progetto non l'ha scelta, la tira express, send. La ragione della sua presenza e' quella del componente che la richiede.	https://github.com/fedcal/Telemedic/security/dependabot
eval	0.1.8	NOLICENSE	indeterminabile	Dipendenza transitiva: il progetto non l'ha scelta, la tira @docusaurus/core. La ragione della sua presenza e' quella del componente che la richiede.	https://github.com/fedcal/Telemedic/security/dependabot
eventemitter3	4.0.7	MIT	compatibile	Dipendenza transitiva: il progetto non l'ha scelta, la tira http-proxy, p-queue. La ragione della sua presenza e' quella del componente che la richiede.	https://github.com/fedcal/Telemedic/security/dependabot
events	3.3.0	MIT	compatibile	Dipendenza transitiva: il progetto non l'ha scelta, la tira webpack. La ragione della sua presenza e' quella del componente che la richiede.	https://github.com/fedcal/Telemedic/security/dependabot
execa	5.1.1	MIT	compatibile	Dipendenza transitiva: il progetto non l'ha scelta, la tira @docusaurus/core, @docusaurus/utils. La ragione della sua presenza e' quella del componente che la richiede.	https://github.com/fedcal/Telemedic/security/dependabot
express	4.22.2	MIT	compatibile	Dipendenza transitiva: il progetto non l'ha scelta, la tira webpack-dev-server. La ragione della sua presenza e' quella del componente che la richiede.	https://github.com/fedcal/Telemedic/security/dependabot
extend	3.0.2	MIT	compatibile	Dipendenza transitiva: il progetto non l'ha scelta, la tira unified. La ragione della sua presenza e' quella del componente che la richiede.	https://github.com/fedcal/Telemedic/security/dependabot
extend-shallow	2.0.1	MIT	compatibile	Dipendenza transitiva: il progetto non l'ha scelta, la tira section-matter. La ragione della sua presenza e' quella del componente che la richiede.	https://github.com/fedcal/Telemedic/security/dependabot
fast-deep-equal	3.1.3	MIT	compatibile	Dipendenza transitiva: il progetto non l'ha scelta, la tira ajv, ajv-keywords, bonjour-service. La ragione della sua presenza e' quella del componente che la richiede.	https://github.com/fedcal/Telemedic/security/dependabot
fast-glob	3.3.3	MIT	compatibile	Dipendenza transitiva: il progetto non l'ha scelta, la tira copy-webpack-plugin, globby. La ragione della sua presenza e' quella del componente che la richiede.	https://github.com/fedcal/Telemedic/security/dependabot
fast-json-stable-stringify	2.1.0	MIT	compatibile	Dipendenza transitiva senza genitore dichiarato nella distinta: presente nell'albero risolto, tirata da un componente che non la dichiara come dipendenza diretta.	https://github.com/fedcal/Telemedic/security/dependabot
fast-uri	3.1.6	BSD-3-Clause	compatibile	Dipendenza transitiva: il progetto non l'ha scelta, la tira ajv. La ragione della sua presenza e' quella del componente che la richiede.	https://github.com/fedcal/Telemedic/security/dependabot
fastdom	1.0.12	MIT	compatibile	Dipendenza transitiva: il progetto non l'ha scelta, la tira mermaid. La ragione della sua presenza e' quella del componente che la richiede.	https://github.com/fedcal/Telemedic/security/dependabot
fastq	1.20.1	ISC	compatibile	Dipendenza transitiva: il progetto non l'ha scelta, la tira @nodelib/fs.walk. La ragione della sua presenza e' quella del componente che la richiede.	https://github.com/fedcal/Telemedic/security/dependabot
fault	2.0.1	MIT	compatibile	Dipendenza transitiva: il progetto non l'ha scelta, la tira micromark-extension-frontmatter. La ragione della sua presenza e' quella del componente che la richiede.	https://github.com/fedcal/Telemedic/security/dependabot
faye-websocket	0.11.4	Apache-2.0	compatibile	Dipendenza transitiva: il progetto non l'ha scelta, la tira sockjs. La ragione della sua presenza e' quella del componente che la richiede.	https://github.com/fedcal/Telemedic/security/dependabot
feed	4.2.2	MIT	compatibile	Dipendenza transitiva: il progetto non l'ha scelta, la tira @docusaurus/plugin-content-blog. La ragione della sua presenza e' quella del componente che la richiede.	https://github.com/fedcal/Telemedic/security/dependabot
file-loader	6.2.0	MIT	compatibile	Dipendenza transitiva: il progetto non l'ha scelta, la tira @docusaurus/bundler, @docusaurus/mdx-loader, @docusaurus/utils e altri 1. La ragione della sua presenza e' quella del componente che la richiede.	https://github.com/fedcal/Telemedic/security/dependabot
fill-range	7.1.1	MIT	compatibile	Dipendenza transitiva: il progetto non l'ha scelta, la tira braces. La ragione della sua presenza e' quella del componente che la richiede.	https://github.com/fedcal/Telemedic/security/dependabot
finalhandler	1.3.2	MIT	compatibile	Dipendenza transitiva: il progetto non l'ha scelta, la tira express. La ragione della sua presenza e' quella del componente che la richiede.	https://github.com/fedcal/Telemedic/security/dependabot
find-cache-dir	4.0.0	MIT	compatibile	Dipendenza transitiva: il progetto non l'ha scelta, la tira babel-loader. La ragione della sua presenza e' quella del componente che la richiede.	https://github.com/fedcal/Telemedic/security/dependabot
find-up	6.3.0	MIT	compatibile	Dipendenza transitiva: il progetto non l'ha scelta, la tira pkg-dir. La ragione della sua presenza e' quella del componente che la richiede.	https://github.com/fedcal/Telemedic/security/dependabot
flat	5.0.2	BSD-3-Clause	compatibile	Dipendenza transitiva: il progetto non l'ha scelta, la tira webpack-merge. La ragione della sua presenza e' quella del componente che la richiede.	https://github.com/fedcal/Telemedic/security/dependabot
follow-redirects	1.16.0	MIT	compatibile	Dipendenza transitiva: il progetto non l'ha scelta, la tira http-proxy. La ragione della sua presenza e' quella del componente che la richiede.	https://github.com/fedcal/Telemedic/security/dependabot
form-data-encoder	2.1.4	MIT	compatibile	Dipendenza transitiva: il progetto non l'ha scelta, la tira got. La ragione della sua presenza e' quella del componente che la richiede.	https://github.com/fedcal/Telemedic/security/dependabot
format	0.2.2	NOLICENSE	indeterminabile	Dipendenza transitiva: il progetto non l'ha scelta, la tira fault. La ragione della sua presenza e' quella del componente che la richiede.	https://github.com/fedcal/Telemedic/security/dependabot
forwarded	0.2.0	MIT	compatibile	Dipendenza transitiva: il progetto non l'ha scelta, la tira proxy-addr. La ragione della sua presenza e' quella del componente che la richiede.	https://github.com/fedcal/Telemedic/security/dependabot
fraction.js	5.3.4	MIT	compatibile	Dipendenza transitiva: il progetto non l'ha scelta, la tira autoprefixer. La ragione della sua presenza e' quella del componente che la richiede.	https://github.com/fedcal/Telemedic/security/dependabot
fresh	0.5.2	MIT	compatibile	Dipendenza transitiva: il progetto non l'ha scelta, la tira express, send. La ragione della sua presenza e' quella del componente che la richiede.	https://github.com/fedcal/Telemedic/security/dependabot
fs-extra	11.4.0	MIT	compatibile	Dipendenza transitiva: il progetto non l'ha scelta, la tira @docusaurus/babel, @docusaurus/core, @docusaurus/mdx-loader e altri 9. La ragione della sua presenza e' quella del componente che la richiede.	https://github.com/fedcal/Telemedic/security/dependabot
fsevents	2.3.3	MIT	compatibile	Dipendenza transitiva: il progetto non l'ha scelta, la tira chokidar. La ragione della sua presenza e' quella del componente che la richiede.	https://github.com/fedcal/Telemedic/security/dependabot
function-bind	1.1.2	MIT	compatibile	Dipendenza transitiva: il progetto non l'ha scelta, la tira call-bind-apply-helpers, get-intrinsic, hasown e altri 1. La ragione della sua presenza e' quella del componente che la richiede.	https://github.com/fedcal/Telemedic/security/dependabot
gensync	1.0.0-beta.2	MIT	compatibile	Dipendenza transitiva: il progetto non l'ha scelta, la tira @babel/core. La ragione della sua presenza e' quella del componente che la richiede.	https://github.com/fedcal/Telemedic/security/dependabot
get-intrinsic	1.3.0	MIT	compatibile	Dipendenza transitiva: il progetto non l'ha scelta, la tira call-bind, call-bound, set-function-length e altri 2. La ragione della sua presenza e' quella del componente che la richiede.	https://github.com/fedcal/Telemedic/security/dependabot
get-nonce	1.0.1	MIT	compatibile	Dipendenza transitiva: il progetto non l'ha scelta, la tira react-style-singleton. La ragione della sua presenza e' quella del componente che la richiede.	https://github.com/fedcal/Telemedic/security/dependabot
get-own-enumerable-property-symbols	3.0.2	ISC	compatibile	Dipendenza transitiva: il progetto non l'ha scelta, la tira stringify-object. La ragione della sua presenza e' quella del componente che la richiede.	https://github.com/fedcal/Telemedic/security/dependabot
get-proto	1.0.1	MIT	compatibile	Dipendenza transitiva: il progetto non l'ha scelta, la tira get-intrinsic. La ragione della sua presenza e' quella del componente che la richiede.	https://github.com/fedcal/Telemedic/security/dependabot
get-stream	6.0.1	MIT	compatibile	Dipendenza transitiva: il progetto non l'ha scelta, la tira cacheable-request, execa, got. La ragione della sua presenza e' quella del componente che la richiede.	https://github.com/fedcal/Telemedic/security/dependabot
github-slugger	1.5.0	ISC	compatibile	Dipendenza transitiva: il progetto non l'ha scelta, la tira @docusaurus/utils. La ragione della sua presenza e' quella del componente che la richiede.	https://github.com/fedcal/Telemedic/security/dependabot
glob-parent	5.1.2	ISC	compatibile	Dipendenza transitiva: il progetto non l'ha scelta, la tira chokidar, fast-glob. La ragione della sua presenza e' quella del componente che la richiede.	https://github.com/fedcal/Telemedic/security/dependabot
glob-to-regex.js	1.2.0	Apache-2.0	compatibile	Dipendenza transitiva: il progetto non l'ha scelta, la tira @jsonjoy.com/fs-node, @jsonjoy.com/fs-node-utils, memfs. La ragione della sua presenza e' quella del componente che la richiede.	https://github.com/fedcal/Telemedic/security/dependabot
global-dirs	3.0.1	MIT	compatibile	Dipendenza transitiva: il progetto non l'ha scelta, la tira is-installed-globally. La ragione della sua presenza e' quella del componente che la richiede.	https://github.com/fedcal/Telemedic/security/dependabot
globby	11.1.0	MIT	compatibile	Dipendenza transitiva: il progetto non l'ha scelta, la tira @docusaurus/utils. La ragione della sua presenza e' quella del componente che la richiede.	https://github.com/fedcal/Telemedic/security/dependabot
gopd	1.2.0	MIT	compatibile	Dipendenza transitiva: il progetto non l'ha scelta, la tira define-data-property, dunder-proto, get-intrinsic e altri 1. La ragione della sua presenza e' quella del componente che la richiede.	https://github.com/fedcal/Telemedic/security/dependabot
got	12.6.1	MIT	compatibile	Dipendenza transitiva: il progetto non l'ha scelta, la tira package-json. La ragione della sua presenza e' quella del componente che la richiede.	https://github.com/fedcal/Telemedic/security/dependabot
graceful-fs	4.2.11	ISC	compatibile	Dipendenza transitiva: il progetto non l'ha scelta, la tira configstore, enhanced-resolve, fs-extra e altri 6. La ragione della sua presenza e' quella del componente che la richiede.	https://github.com/fedcal/Telemedic/security/dependabot
gzip-size	6.0.0	MIT	compatibile	Dipendenza transitiva: il progetto non l'ha scelta, la tira webpack-bundle-analyzer. La ragione della sua presenza e' quella del componente che la richiede.	https://github.com/fedcal/Telemedic/security/dependabot
hachure-fill	0.5.2	MIT	compatibile	Dipendenza transitiva: il progetto non l'ha scelta, la tira roughjs. La ragione della sua presenza e' quella del componente che la richiede.	https://github.com/fedcal/Telemedic/security/dependabot
handle-thing	2.0.1	MIT	compatibile	Dipendenza transitiva: il progetto non l'ha scelta, la tira spdy. La ragione della sua presenza e' quella del componente che la richiede.	https://github.com/fedcal/Telemedic/security/dependabot
has-flag	4.0.0	MIT	compatibile	Dipendenza transitiva: il progetto non l'ha scelta, la tira supports-color. La ragione della sua presenza e' quella del componente che la richiede.	https://github.com/fedcal/Telemedic/security/dependabot
has-property-descriptors	1.0.2	MIT	compatibile	Dipendenza transitiva: il progetto non l'ha scelta, la tira define-properties, set-function-length. La ragione della sua presenza e' quella del componente che la richiede.	https://github.com/fedcal/Telemedic/security/dependabot
has-symbols	1.1.0	MIT	compatibile	Dipendenza transitiva: il progetto non l'ha scelta, la tira get-intrinsic, object.assign. La ragione della sua presenza e' quella del componente che la richiede.	https://github.com/fedcal/Telemedic/security/dependabot
has-yarn	3.0.0	MIT	compatibile	Dipendenza transitiva: il progetto non l'ha scelta, la tira update-notifier. La ragione della sua presenza e' quella del componente che la richiede.	https://github.com/fedcal/Telemedic/security/dependabot
hasown	2.0.4	MIT	compatibile	Dipendenza transitiva: il progetto non l'ha scelta, la tira get-intrinsic, is-core-module. La ragione della sua presenza e' quella del componente che la richiede.	https://github.com/fedcal/Telemedic/security/dependabot
hast-util-from-parse5	8.0.3	MIT	compatibile	Dipendenza transitiva: il progetto non l'ha scelta, la tira hast-util-raw. La ragione della sua presenza e' quella del componente che la richiede.	https://github.com/fedcal/Telemedic/security/dependabot
hast-util-is-element	3.0.0	MIT	compatibile	Dipendenza transitiva: il progetto non l'ha scelta, la tira hast-util-to-text. La ragione della sua presenza e' quella del componente che la richiede.	https://github.com/fedcal/Telemedic/security/dependabot
hast-util-parse-selector	4.0.0	MIT	compatibile	Dipendenza transitiva: il progetto non l'ha scelta, la tira hastscript. La ragione della sua presenza e' quella del componente che la richiede.	https://github.com/fedcal/Telemedic/security/dependabot
hast-util-raw	9.1.0	MIT	compatibile	Dipendenza transitiva: il progetto non l'ha scelta, la tira rehype-raw. La ragione della sua presenza e' quella del componente che la richiede.	https://github.com/fedcal/Telemedic/security/dependabot
hast-util-to-estree	3.1.3	MIT	compatibile	Dipendenza transitiva: il progetto non l'ha scelta, la tira rehype-recma. La ragione della sua presenza e' quella del componente che la richiede.	https://github.com/fedcal/Telemedic/security/dependabot
hast-util-to-jsx-runtime	2.3.6	MIT	compatibile	Dipendenza transitiva: il progetto non l'ha scelta, la tira @mdx-js/mdx, react-markdown. La ragione della sua presenza e' quella del componente che la richiede.	https://github.com/fedcal/Telemedic/security/dependabot
hast-util-to-parse5	8.0.1	MIT	compatibile	Dipendenza transitiva: il progetto non l'ha scelta, la tira hast-util-raw. La ragione della sua presenza e' quella del componente che la richiede.	https://github.com/fedcal/Telemedic/security/dependabot
hast-util-to-text	4.0.2	MIT	compatibile	Dipendenza transitiva: il progetto non l'ha scelta, la tira rehype-highlight. La ragione della sua presenza e' quella del componente che la richiede.	https://github.com/fedcal/Telemedic/security/dependabot
hast-util-whitespace	3.0.0	MIT	compatibile	Dipendenza transitiva: il progetto non l'ha scelta, la tira hast-util-to-estree, hast-util-to-jsx-runtime. La ragione della sua presenza e' quella del componente che la richiede.	https://github.com/fedcal/Telemedic/security/dependabot
hastscript	9.0.1	MIT	compatibile	Dipendenza transitiva: il progetto non l'ha scelta, la tira hast-util-from-parse5. La ragione della sua presenza e' quella del componente che la richiede.	https://github.com/fedcal/Telemedic/security/dependabot
he	1.2.0	MIT	compatibile	Dipendenza transitiva senza genitore dichiarato nella distinta: presente nell'albero risolto, tirata da un componente che non la dichiara come dipendenza diretta.	https://github.com/fedcal/Telemedic/security/dependabot
highlight.js	11.11.2	BSD-3-Clause	compatibile	Dipendenza transitiva: il progetto non l'ha scelta, la tira lowlight. La ragione della sua presenza e' quella del componente che la richiede.	https://github.com/fedcal/Telemedic/security/dependabot
history	4.10.1	MIT	compatibile	Dipendenza transitiva: il progetto non l'ha scelta, la tira react-router, react-router-dom. La ragione della sua presenza e' quella del componente che la richiede.	https://github.com/fedcal/Telemedic/security/dependabot
hoist-non-react-statics	3.3.2	BSD-3-Clause	compatibile	Dipendenza transitiva: il progetto non l'ha scelta, la tira react-router. La ragione della sua presenza e' quella del componente che la richiede.	https://github.com/fedcal/Telemedic/security/dependabot
hpack.js	2.1.6	MIT	compatibile	Dipendenza transitiva: il progetto non l'ha scelta, la tira spdy-transport. La ragione della sua presenza e' quella del componente che la richiede.	https://github.com/fedcal/Telemedic/security/dependabot
html-escaper	2.0.2	MIT	compatibile	Dipendenza transitiva: il progetto non l'ha scelta, la tira webpack-bundle-analyzer. La ragione della sua presenza e' quella del componente che la richiede.	https://github.com/fedcal/Telemedic/security/dependabot
html-minifier-terser	7.2.0	MIT	compatibile	Dipendenza transitiva: il progetto non l'ha scelta, la tira @docusaurus/bundler. La ragione della sua presenza e' quella del componente che la richiede.	https://github.com/fedcal/Telemedic/security/dependabot
html-tags	3.3.1	MIT	compatibile	Dipendenza transitiva: il progetto non l'ha scelta, la tira @docusaurus/core. La ragione della sua presenza e' quella del componente che la richiede.	https://github.com/fedcal/Telemedic/security/dependabot
html-url-attributes	3.0.1	MIT	compatibile	Dipendenza transitiva: il progetto non l'ha scelta, la tira react-markdown. La ragione della sua presenza e' quella del componente che la richiede.	https://github.com/fedcal/Telemedic/security/dependabot
html-void-elements	3.0.0	MIT	compatibile	Dipendenza transitiva: il progetto non l'ha scelta, la tira hast-util-raw. La ragione della sua presenza e' quella del componente che la richiede.	https://github.com/fedcal/Telemedic/security/dependabot
html-webpack-plugin	5.6.8	MIT	compatibile	Dipendenza transitiva: il progetto non l'ha scelta, la tira @docusaurus/core. La ragione della sua presenza e' quella del componente che la richiede.	https://github.com/fedcal/Telemedic/security/dependabot
htmlparser2	8.0.2	MIT	compatibile	Dipendenza transitiva: il progetto non l'ha scelta, la tira cheerio. La ragione della sua presenza e' quella del componente che la richiede.	https://github.com/fedcal/Telemedic/security/dependabot
http-cache-semantics	4.2.0	BSD-2-Clause	compatibile	Dipendenza transitiva: il progetto non l'ha scelta, la tira cacheable-request. La ragione della sua presenza e' quella del componente che la richiede.	https://github.com/fedcal/Telemedic/security/dependabot
http-deceiver	1.2.7	MIT	compatibile	Dipendenza transitiva: il progetto non l'ha scelta, la tira spdy. La ragione della sua presenza e' quella del componente che la richiede.	https://github.com/fedcal/Telemedic/security/dependabot
http-errors	2.0.1	MIT	compatibile	Dipendenza transitiva: il progetto non l'ha scelta, la tira body-parser, express, raw-body e altri 1. La ragione della sua presenza e' quella del componente che la richiede.	https://github.com/fedcal/Telemedic/security/dependabot
http-parser-js	0.5.10	MIT	compatibile	Dipendenza transitiva: il progetto non l'ha scelta, la tira websocket-driver. La ragione della sua presenza e' quella del componente che la richiede.	https://github.com/fedcal/Telemedic/security/dependabot
http-proxy	1.18.1	MIT	compatibile	Dipendenza transitiva: il progetto non l'ha scelta, la tira http-proxy-middleware. La ragione della sua presenza e' quella del componente che la richiede.	https://github.com/fedcal/Telemedic/security/dependabot
http-proxy-middleware	2.0.10	MIT	compatibile	Dipendenza transitiva: il progetto non l'ha scelta, la tira webpack-dev-server. La ragione della sua presenza e' quella del componente che la richiede.	https://github.com/fedcal/Telemedic/security/dependabot
http2-wrapper	2.2.1	MIT	compatibile	Dipendenza transitiva: il progetto non l'ha scelta, la tira got. La ragione della sua presenza e' quella del componente che la richiede.	https://github.com/fedcal/Telemedic/security/dependabot
human-signals	2.1.0	Apache-2.0	compatibile	Dipendenza transitiva: il progetto non l'ha scelta, la tira execa. La ragione della sua presenza e' quella del componente che la richiede.	https://github.com/fedcal/Telemedic/security/dependabot
hyperdyperid	1.2.0	MIT	compatibile	Dipendenza transitiva: il progetto non l'ha scelta, la tira @jsonjoy.com/json-pack. La ragione della sua presenza e' quella del componente che la richiede.	https://github.com/fedcal/Telemedic/security/dependabot
iconv-lite	0.6.3	MIT	compatibile	Dipendenza transitiva: il progetto non l'ha scelta, la tira d3-dsv, encoding-sniffer, whatwg-encoding. La ragione della sua presenza e' quella del componente che la richiede.	https://github.com/fedcal/Telemedic/security/dependabot
icss-utils	5.1.0	ISC	compatibile	Dipendenza transitiva: il progetto non l'ha scelta, la tira css-loader, postcss-modules-local-by-default, postcss-modules-values. La ragione della sua presenza e' quella del componente che la richiede.	https://github.com/fedcal/Telemedic/security/dependabot
ignore	5.3.2	MIT	compatibile	Dipendenza transitiva: il progetto non l'ha scelta, la tira globby. La ragione della sua presenza e' quella del componente che la richiede.	https://github.com/fedcal/Telemedic/security/dependabot
image-size	2.0.2	MIT	compatibile	Dipendenza transitiva: il progetto non l'ha scelta, la tira @docusaurus/mdx-loader. La ragione della sua presenza e' quella del componente che la richiede.	https://github.com/fedcal/Telemedic/security/dependabot
immediate	3.3.0	MIT	compatibile	Dipendenza transitiva: il progetto non l'ha scelta, la tira @easyops-cn/autocomplete.js. La ragione della sua presenza e' quella del componente che la richiede.	https://github.com/fedcal/Telemedic/security/dependabot
import-fresh	3.3.1	MIT	compatibile	Dipendenza transitiva: il progetto non l'ha scelta, la tira cosmiconfig. La ragione della sua presenza e' quella del componente che la richiede.	https://github.com/fedcal/Telemedic/security/dependabot
import-lazy	4.0.0	MIT	compatibile	Dipendenza transitiva: il progetto non l'ha scelta, la tira update-notifier. La ragione della sua presenza e' quella del componente che la richiede.	https://github.com/fedcal/Telemedic/security/dependabot
import-meta-resolve	4.2.0	MIT	compatibile	Dipendenza transitiva: il progetto non l'ha scelta, la tira @iconify/utils. La ragione della sua presenza e' quella del componente che la richiede.	https://github.com/fedcal/Telemedic/security/dependabot
imurmurhash	0.1.4	MIT	compatibile	Dipendenza transitiva: il progetto non l'ha scelta, la tira write-file-atomic. La ragione della sua presenza e' quella del componente che la richiede.	https://github.com/fedcal/Telemedic/security/dependabot
indent-string	4.0.0	MIT	compatibile	Dipendenza transitiva: il progetto non l'ha scelta, la tira aggregate-error. La ragione della sua presenza e' quella del componente che la richiede.	https://github.com/fedcal/Telemedic/security/dependabot
infima	0.2.0-alpha.45	MIT	compatibile	Dipendenza transitiva: il progetto non l'ha scelta, la tira @docusaurus/theme-classic. La ragione della sua presenza e' quella del componente che la richiede.	https://github.com/fedcal/Telemedic/security/dependabot
inherits	2.0.4	ISC	compatibile	Dipendenza transitiva: il progetto non l'ha scelta, la tira hpack.js, http-errors, readable-stream. La ragione della sua presenza e' quella del componente che la richiede.	https://github.com/fedcal/Telemedic/security/dependabot
ini	2.0.0	ISC	compatibile	Dipendenza transitiva: il progetto non l'ha scelta, la tira global-dirs. La ragione della sua presenza e' quella del componente che la richiede.	https://github.com/fedcal/Telemedic/security/dependabot
inline-style-parser	0.2.7	MIT	compatibile	Dipendenza transitiva: il progetto non l'ha scelta, la tira style-to-object. La ragione della sua presenza e' quella del componente che la richiede.	https://github.com/fedcal/Telemedic/security/dependabot
internmap	2.0.3	ISC	compatibile	Dipendenza transitiva: il progetto non l'ha scelta, la tira d3-array. La ragione della sua presenza e' quella del componente che la richiede.	https://github.com/fedcal/Telemedic/security/dependabot
invariant	2.2.4	MIT	compatibile	Dipendenza transitiva: il progetto non l'ha scelta, la tira @slorber/react-helmet-async. La ragione della sua presenza e' quella del componente che la richiede.	https://github.com/fedcal/Telemedic/security/dependabot
ipaddr.js	2.5.0	MIT	compatibile	Dipendenza transitiva: il progetto non l'ha scelta, la tira webpack-dev-server. La ragione della sua presenza e' quella del componente che la richiede.	https://github.com/fedcal/Telemedic/security/dependabot
is-alphabetical	2.0.1	MIT	compatibile	Dipendenza transitiva: il progetto non l'ha scelta, la tira is-alphanumerical. La ragione della sua presenza e' quella del componente che la richiede.	https://github.com/fedcal/Telemedic/security/dependabot
is-alphanumerical	2.0.1	MIT	compatibile	Dipendenza transitiva: il progetto non l'ha scelta, la tira parse-entities. La ragione della sua presenza e' quella del componente che la richiede.	https://github.com/fedcal/Telemedic/security/dependabot
is-arrayish	0.2.1	MIT	compatibile	Dipendenza transitiva: il progetto non l'ha scelta, la tira error-ex. La ragione della sua presenza e' quella del componente che la richiede.	https://github.com/fedcal/Telemedic/security/dependabot
is-binary-path	2.1.0	MIT	compatibile	Dipendenza transitiva: il progetto non l'ha scelta, la tira chokidar. La ragione della sua presenza e' quella del componente che la richiede.	https://github.com/fedcal/Telemedic/security/dependabot
is-ci	3.0.1	MIT	compatibile	Dipendenza transitiva: il progetto non l'ha scelta, la tira update-notifier. La ragione della sua presenza e' quella del componente che la richiede.	https://github.com/fedcal/Telemedic/security/dependabot
is-core-module	2.16.2	MIT	compatibile	Dipendenza transitiva: il progetto non l'ha scelta, la tira resolve. La ragione della sua presenza e' quella del componente che la richiede.	https://github.com/fedcal/Telemedic/security/dependabot
is-decimal	2.0.1	MIT	compatibile	Dipendenza transitiva: il progetto non l'ha scelta, la tira is-alphanumerical, parse-entities. La ragione della sua presenza e' quella del componente che la richiede.	https://github.com/fedcal/Telemedic/security/dependabot
is-docker	2.2.1	MIT	compatibile	Dipendenza transitiva: il progetto non l'ha scelta, la tira is-wsl, open. La ragione della sua presenza e' quella del componente che la richiede.	https://github.com/fedcal/Telemedic/security/dependabot
is-extendable	0.1.1	MIT	compatibile	Dipendenza transitiva: il progetto non l'ha scelta, la tira extend-shallow. La ragione della sua presenza e' quella del componente che la richiede.	https://github.com/fedcal/Telemedic/security/dependabot
is-extglob	2.1.1	MIT	compatibile	Dipendenza transitiva: il progetto non l'ha scelta, la tira is-glob. La ragione della sua presenza e' quella del componente che la richiede.	https://github.com/fedcal/Telemedic/security/dependabot
is-fullwidth-code-point	3.0.0	MIT	compatibile	Dipendenza transitiva senza genitore dichiarato nella distinta: presente nell'albero risolto, tirata da un componente che non la dichiara come dipendenza diretta.	https://github.com/fedcal/Telemedic/security/dependabot
is-glob	4.0.3	MIT	compatibile	Dipendenza transitiva: il progetto non l'ha scelta, la tira chokidar, glob-parent, http-proxy-middleware. La ragione della sua presenza e' quella del componente che la richiede.	https://github.com/fedcal/Telemedic/security/dependabot
is-hexadecimal	2.0.1	MIT	compatibile	Dipendenza transitiva: il progetto non l'ha scelta, la tira parse-entities. La ragione della sua presenza e' quella del componente che la richiede.	https://github.com/fedcal/Telemedic/security/dependabot
is-inside-container	1.0.0	MIT	compatibile	Dipendenza transitiva senza genitore dichiarato nella distinta: presente nell'albero risolto, tirata da un componente che non la dichiara come dipendenza diretta.	https://github.com/fedcal/Telemedic/security/dependabot
is-installed-globally	0.4.0	MIT	compatibile	Dipendenza transitiva: il progetto non l'ha scelta, la tira update-notifier. La ragione della sua presenza e' quella del componente che la richiede.	https://github.com/fedcal/Telemedic/security/dependabot
is-network-error	1.3.2	MIT	compatibile	Dipendenza transitiva: il progetto non l'ha scelta, la tira p-retry. La ragione della sua presenza e' quella del componente che la richiede.	https://github.com/fedcal/Telemedic/security/dependabot
is-npm	6.1.0	MIT	compatibile	Dipendenza transitiva: il progetto non l'ha scelta, la tira update-notifier. La ragione della sua presenza e' quella del componente che la richiede.	https://github.com/fedcal/Telemedic/security/dependabot
is-number	7.0.0	MIT	compatibile	Dipendenza transitiva: il progetto non l'ha scelta, la tira to-regex-range. La ragione della sua presenza e' quella del componente che la richiede.	https://github.com/fedcal/Telemedic/security/dependabot
is-obj	1.0.1	MIT	compatibile	Dipendenza transitiva: il progetto non l'ha scelta, la tira stringify-object. La ragione della sua presenza e' quella del componente che la richiede.	https://github.com/fedcal/Telemedic/security/dependabot
is-path-inside	3.0.3	MIT	compatibile	Dipendenza transitiva: il progetto non l'ha scelta, la tira is-installed-globally. La ragione della sua presenza e' quella del componente che la richiede.	https://github.com/fedcal/Telemedic/security/dependabot
is-plain-obj	4.1.0	MIT	compatibile	Dipendenza transitiva: il progetto non l'ha scelta, la tira unified. La ragione della sua presenza e' quella del componente che la richiede.	https://github.com/fedcal/Telemedic/security/dependabot
is-plain-object	2.0.4	MIT	compatibile	Dipendenza transitiva: il progetto non l'ha scelta, la tira clone-deep. La ragione della sua presenza e' quella del componente che la richiede.	https://github.com/fedcal/Telemedic/security/dependabot
is-regexp	1.0.0	MIT	compatibile	Dipendenza transitiva: il progetto non l'ha scelta, la tira stringify-object. La ragione della sua presenza e' quella del componente che la richiede.	https://github.com/fedcal/Telemedic/security/dependabot
is-stream	2.0.1	MIT	compatibile	Dipendenza transitiva: il progetto non l'ha scelta, la tira execa. La ragione della sua presenza e' quella del componente che la richiede.	https://github.com/fedcal/Telemedic/security/dependabot
is-typedarray	1.0.0	MIT	compatibile	Dipendenza transitiva: il progetto non l'ha scelta, la tira typedarray-to-buffer, write-file-atomic. La ragione della sua presenza e' quella del componente che la richiede.	https://github.com/fedcal/Telemedic/security/dependabot
is-wsl	2.2.0	MIT	compatibile	Dipendenza transitiva: il progetto non l'ha scelta, la tira open. La ragione della sua presenza e' quella del componente che la richiede.	https://github.com/fedcal/Telemedic/security/dependabot
is-yarn-global	0.4.1	MIT	compatibile	Dipendenza transitiva: il progetto non l'ha scelta, la tira update-notifier. La ragione della sua presenza e' quella del componente che la richiede.	https://github.com/fedcal/Telemedic/security/dependabot
isarray	0.0.1	MIT	compatibile	Dipendenza transitiva: il progetto non l'ha scelta, la tira path-to-regexp. La ragione della sua presenza e' quella del componente che la richiede.	https://github.com/fedcal/Telemedic/security/dependabot
isexe	2.0.0	ISC	compatibile	Dipendenza transitiva: il progetto non l'ha scelta, la tira which. La ragione della sua presenza e' quella del componente che la richiede.	https://github.com/fedcal/Telemedic/security/dependabot
isobject	3.0.1	MIT	compatibile	Dipendenza transitiva: il progetto non l'ha scelta, la tira is-plain-object. La ragione della sua presenza e' quella del componente che la richiede.	https://github.com/fedcal/Telemedic/security/dependabot
jest-util	29.7.0	MIT	compatibile	Dipendenza transitiva: il progetto non l'ha scelta, la tira jest-worker. La ragione della sua presenza e' quella del componente che la richiede.	https://github.com/fedcal/Telemedic/security/dependabot
jest-worker	29.7.0	MIT	compatibile	Dipendenza transitiva: il progetto non l'ha scelta, la tira css-minimizer-webpack-plugin. La ragione della sua presenza e' quella del componente che la richiede.	https://github.com/fedcal/Telemedic/security/dependabot
jiti	1.21.7	MIT	compatibile	Dipendenza transitiva: il progetto non l'ha scelta, la tira @docusaurus/utils, postcss-loader. La ragione della sua presenza e' quella del componente che la richiede.	https://github.com/fedcal/Telemedic/security/dependabot
joi	17.13.6	BSD-3-Clause	compatibile	Dipendenza transitiva: il progetto non l'ha scelta, la tira @docusaurus/types, @docusaurus/utils-validation. La ragione della sua presenza e' quella del componente che la richiede.	https://github.com/fedcal/Telemedic/security/dependabot
js-tokens	4.0.0	MIT	compatibile	Dipendenza transitiva: il progetto non l'ha scelta, la tira @babel/code-frame, loose-envify. La ragione della sua presenza e' quella del componente che la richiede.	https://github.com/fedcal/Telemedic/security/dependabot
js-yaml	4.3.1	MIT	compatibile	Dipendenza transitiva: il progetto non l'ha scelta, la tira @11ty/gray-matter, @docusaurus/plugin-content-docs, @docusaurus/utils e altri 2. La ragione della sua presenza e' quella del componente che la richiede.	https://github.com/fedcal/Telemedic/security/dependabot
jsesc	3.1.0	MIT	compatibile	Dipendenza transitiva: il progetto non l'ha scelta, la tira @babel/generator, regjsparser. La ragione della sua presenza e' quella del componente che la richiede.	https://github.com/fedcal/Telemedic/security/dependabot
json-buffer	3.0.1	MIT	compatibile	Dipendenza transitiva: il progetto non l'ha scelta, la tira keyv. La ragione della sua presenza e' quella del componente che la richiede.	https://github.com/fedcal/Telemedic/security/dependabot
json-parse-even-better-errors	2.3.1	MIT	compatibile	Dipendenza transitiva: il progetto non l'ha scelta, la tira parse-json. La ragione della sua presenza e' quella del componente che la richiede.	https://github.com/fedcal/Telemedic/security/dependabot
json-schema-traverse	1.0.0	MIT	compatibile	Dipendenza transitiva: il progetto non l'ha scelta, la tira ajv. La ragione della sua presenza e' quella del componente che la richiede.	https://github.com/fedcal/Telemedic/security/dependabot
json5	2.2.3	MIT	compatibile	Dipendenza transitiva: il progetto non l'ha scelta, la tira @babel/core, loader-utils. La ragione della sua presenza e' quella del componente che la richiede.	https://github.com/fedcal/Telemedic/security/dependabot
jsonfile	6.2.1	MIT	compatibile	Dipendenza transitiva: il progetto non l'ha scelta, la tira fs-extra. La ragione della sua presenza e' quella del componente che la richiede.	https://github.com/fedcal/Telemedic/security/dependabot
katex	0.16.47	MIT	compatibile	Dipendenza transitiva: il progetto non l'ha scelta, la tira mermaid. La ragione della sua presenza e' quella del componente che la richiede.	https://github.com/fedcal/Telemedic/security/dependabot
keyv	4.5.4	MIT	compatibile	Dipendenza transitiva: il progetto non l'ha scelta, la tira cacheable-request. La ragione della sua presenza e' quella del componente che la richiede.	https://github.com/fedcal/Telemedic/security/dependabot
khroma	2.1.0	NOLICENSE	indeterminabile	Dipendenza transitiva: il progetto non l'ha scelta, la tira mermaid. La ragione della sua presenza e' quella del componente che la richiede.	https://github.com/fedcal/Telemedic/security/dependabot
kind-of	6.0.3	MIT	compatibile	Dipendenza transitiva: il progetto non l'ha scelta, la tira @11ty/gray-matter, clone-deep, section-matter e altri 1. La ragione della sua presenza e' quella del componente che la richiede.	https://github.com/fedcal/Telemedic/security/dependabot
klaw-sync	6.0.0	MIT	compatibile	Dipendenza transitiva: il progetto non l'ha scelta, la tira @easyops-cn/docusaurus-search-local. La ragione della sua presenza e' quella del componente che la richiede.	https://github.com/fedcal/Telemedic/security/dependabot
kleur	3.0.3	MIT	compatibile	Dipendenza transitiva: il progetto non l'ha scelta, la tira prompts. La ragione della sua presenza e' quella del componente che la richiede.	https://github.com/fedcal/Telemedic/security/dependabot
latest-version	7.0.0	MIT	compatibile	Dipendenza transitiva: il progetto non l'ha scelta, la tira update-notifier. La ragione della sua presenza e' quella del componente che la richiede.	https://github.com/fedcal/Telemedic/security/dependabot
launch-editor	2.14.1	MIT	compatibile	Dipendenza transitiva: il progetto non l'ha scelta, la tira webpack-dev-server. La ragione della sua presenza e' quella del componente che la richiede.	https://github.com/fedcal/Telemedic/security/dependabot
layout-base	1.0.2	MIT	compatibile	Dipendenza transitiva: il progetto non l'ha scelta, la tira cose-base. La ragione della sua presenza e' quella del componente che la richiede.	https://github.com/fedcal/Telemedic/security/dependabot
leven	3.1.0	MIT	compatibile	Dipendenza transitiva: il progetto non l'ha scelta, la tira @docusaurus/core. La ragione della sua presenza e' quella del componente che la richiede.	https://github.com/fedcal/Telemedic/security/dependabot
lilconfig	3.1.3	MIT	compatibile	Dipendenza transitiva: il progetto non l'ha scelta, la tira cssnano. La ragione della sua presenza e' quella del componente che la richiede.	https://github.com/fedcal/Telemedic/security/dependabot
lines-and-columns	1.2.4	MIT	compatibile	Dipendenza transitiva: il progetto non l'ha scelta, la tira parse-json. La ragione della sua presenza e' quella del componente che la richiede.	https://github.com/fedcal/Telemedic/security/dependabot
loader-utils	2.0.4	MIT	compatibile	Dipendenza transitiva: il progetto non l'ha scelta, la tira file-loader, null-loader, url-loader. La ragione della sua presenza e' quella del componente che la richiede.	https://github.com/fedcal/Telemedic/security/dependabot
locate-path	7.2.0	MIT	compatibile	Dipendenza transitiva: il progetto non l'ha scelta, la tira find-up. La ragione della sua presenza e' quella del componente che la richiede.	https://github.com/fedcal/Telemedic/security/dependabot
lodash	4.18.1	MIT	compatibile	Dipendenza transitiva: il progetto non l'ha scelta, la tira @docusaurus/core, @docusaurus/plugin-content-blog, @docusaurus/plugin-content-docs e altri 7. La ragione della sua presenza e' quella del componente che la richiede.	https://github.com/fedcal/Telemedic/security/dependabot
lodash-es	4.18.1	MIT	compatibile	Dipendenza transitiva: il progetto non l'ha scelta, la tira dagre-d3-es. La ragione della sua presenza e' quella del componente che la richiede.	https://github.com/fedcal/Telemedic/security/dependabot
lodash.debounce	4.0.8	MIT	compatibile	Dipendenza transitiva: il progetto non l'ha scelta, la tira @babel/helper-define-polyfill-provider. La ragione della sua presenza e' quella del componente che la richiede.	https://github.com/fedcal/Telemedic/security/dependabot
lodash.memoize	4.1.2	MIT	compatibile	Dipendenza transitiva: il progetto non l'ha scelta, la tira caniuse-api. La ragione della sua presenza e' quella del componente che la richiede.	https://github.com/fedcal/Telemedic/security/dependabot
lodash.uniq	4.5.0	MIT	compatibile	Dipendenza transitiva: il progetto non l'ha scelta, la tira caniuse-api. La ragione della sua presenza e' quella del componente che la richiede.	https://github.com/fedcal/Telemedic/security/dependabot
longest-streak	3.1.0	MIT	compatibile	Dipendenza transitiva: il progetto non l'ha scelta, la tira mdast-util-to-markdown. La ragione della sua presenza e' quella del componente che la richiede.	https://github.com/fedcal/Telemedic/security/dependabot
loose-envify	1.4.0	MIT	compatibile	Dipendenza transitiva: il progetto non l'ha scelta, la tira history, invariant, prop-types e altri 5. La ragione della sua presenza e' quella del componente che la richiede.	https://github.com/fedcal/Telemedic/security/dependabot
lower-case	2.0.2	MIT	compatibile	Dipendenza transitiva: il progetto non l'ha scelta, la tira no-case. La ragione della sua presenza e' quella del componente che la richiede.	https://github.com/fedcal/Telemedic/security/dependabot
lowercase-keys	3.0.0	MIT	compatibile	Dipendenza transitiva: il progetto non l'ha scelta, la tira got, responselike. La ragione della sua presenza e' quella del componente che la richiede.	https://github.com/fedcal/Telemedic/security/dependabot
lowlight	3.3.0	MIT	compatibile	Dipendenza transitiva: il progetto non l'ha scelta, la tira open-ask-ai, rehype-highlight. La ragione della sua presenza e' quella del componente che la richiede.	https://github.com/fedcal/Telemedic/security/dependabot
lru-cache	5.1.1	ISC	compatibile	Dipendenza transitiva: il progetto non l'ha scelta, la tira @babel/helper-compilation-targets. La ragione della sua presenza e' quella del componente che la richiede.	https://github.com/fedcal/Telemedic/security/dependabot
lucide-react	0.563.0	ISC	compatibile	Dipendenza transitiva: il progetto non l'ha scelta, la tira open-ask-ai. La ragione della sua presenza e' quella del componente che la richiede.	https://github.com/fedcal/Telemedic/security/dependabot
lunr	2.3.9	MIT	compatibile	Dipendenza transitiva: il progetto non l'ha scelta, la tira @easyops-cn/docusaurus-search-local. La ragione della sua presenza e' quella del componente che la richiede.	https://github.com/fedcal/Telemedic/security/dependabot
lunr-languages	1.21.0	MPL-1.1	indeterminabile	Dipendenza transitiva: il progetto non l'ha scelta, la tira @easyops-cn/docusaurus-search-local. La ragione della sua presenza e' quella del componente che la richiede.	https://github.com/fedcal/Telemedic/security/dependabot
mark.js	8.11.1	MIT	compatibile	Dipendenza transitiva: il progetto non l'ha scelta, la tira @easyops-cn/docusaurus-search-local. La ragione della sua presenza e' quella del componente che la richiede.	https://github.com/fedcal/Telemedic/security/dependabot
markdown-extensions	2.0.0	MIT	compatibile	Dipendenza transitiva: il progetto non l'ha scelta, la tira @mdx-js/mdx. La ragione della sua presenza e' quella del componente che la richiede.	https://github.com/fedcal/Telemedic/security/dependabot
markdown-table	3.0.4	MIT	compatibile	Dipendenza transitiva: il progetto non l'ha scelta, la tira mdast-util-gfm-table. La ragione della sua presenza e' quella del componente che la richiede.	https://github.com/fedcal/Telemedic/security/dependabot
marked	16.4.2	MIT	compatibile	Dipendenza transitiva: il progetto non l'ha scelta, la tira mermaid. La ragione della sua presenza e' quella del componente che la richiede.	https://github.com/fedcal/Telemedic/security/dependabot
math-intrinsics	1.1.0	MIT	compatibile	Dipendenza transitiva: il progetto non l'ha scelta, la tira get-intrinsic. La ragione della sua presenza e' quella del componente che la richiede.	https://github.com/fedcal/Telemedic/security/dependabot
mdast-util-directive	3.1.0	MIT	compatibile	Dipendenza transitiva: il progetto non l'ha scelta, la tira remark-directive. La ragione della sua presenza e' quella del componente che la richiede.	https://github.com/fedcal/Telemedic/security/dependabot
mdast-util-find-and-replace	3.0.2	MIT	compatibile	Dipendenza transitiva: il progetto non l'ha scelta, la tira mdast-util-gfm-autolink-literal, remark-emoji. La ragione della sua presenza e' quella del componente che la richiede.	https://github.com/fedcal/Telemedic/security/dependabot
mdast-util-from-markdown	2.0.3	MIT	compatibile	Dipendenza transitiva: il progetto non l'ha scelta, la tira mdast-util-directive, mdast-util-frontmatter, mdast-util-gfm e altri 9. La ragione della sua presenza e' quella del componente che la richiede.	https://github.com/fedcal/Telemedic/security/dependabot
mdast-util-frontmatter	2.0.1	MIT	compatibile	Dipendenza transitiva: il progetto non l'ha scelta, la tira remark-frontmatter. La ragione della sua presenza e' quella del componente che la richiede.	https://github.com/fedcal/Telemedic/security/dependabot
mdast-util-gfm	3.1.0	MIT	compatibile	Dipendenza transitiva: il progetto non l'ha scelta, la tira remark-gfm. La ragione della sua presenza e' quella del componente che la richiede.	https://github.com/fedcal/Telemedic/security/dependabot
mdast-util-gfm-autolink-literal	2.0.1	MIT	compatibile	Dipendenza transitiva: il progetto non l'ha scelta, la tira mdast-util-gfm. La ragione della sua presenza e' quella del componente che la richiede.	https://github.com/fedcal/Telemedic/security/dependabot
mdast-util-gfm-footnote	2.1.0	MIT	compatibile	Dipendenza transitiva: il progetto non l'ha scelta, la tira mdast-util-gfm. La ragione della sua presenza e' quella del componente che la richiede.	https://github.com/fedcal/Telemedic/security/dependabot
mdast-util-gfm-strikethrough	2.0.0	MIT	compatibile	Dipendenza transitiva: il progetto non l'ha scelta, la tira mdast-util-gfm. La ragione della sua presenza e' quella del componente che la richiede.	https://github.com/fedcal/Telemedic/security/dependabot
mdast-util-gfm-table	2.0.0	MIT	compatibile	Dipendenza transitiva: il progetto non l'ha scelta, la tira mdast-util-gfm. La ragione della sua presenza e' quella del componente che la richiede.	https://github.com/fedcal/Telemedic/security/dependabot
mdast-util-gfm-task-list-item	2.0.0	MIT	compatibile	Dipendenza transitiva: il progetto non l'ha scelta, la tira mdast-util-gfm. La ragione della sua presenza e' quella del componente che la richiede.	https://github.com/fedcal/Telemedic/security/dependabot
mdast-util-mdx	3.0.0	MIT	compatibile	Dipendenza transitiva: il progetto non l'ha scelta, la tira @docusaurus/mdx-loader, remark-mdx. La ragione della sua presenza e' quella del componente che la richiede.	https://github.com/fedcal/Telemedic/security/dependabot
mdast-util-mdx-expression	2.0.1	MIT	compatibile	Dipendenza transitiva: il progetto non l'ha scelta, la tira hast-util-to-estree, hast-util-to-jsx-runtime, mdast-util-mdx. La ragione della sua presenza e' quella del componente che la richiede.	https://github.com/fedcal/Telemedic/security/dependabot
mdast-util-mdx-jsx	3.2.0	MIT	compatibile	Dipendenza transitiva: il progetto non l'ha scelta, la tira hast-util-to-estree, hast-util-to-jsx-runtime, mdast-util-mdx. La ragione della sua presenza e' quella del componente che la richiede.	https://github.com/fedcal/Telemedic/security/dependabot
mdast-util-mdxjs-esm	2.0.1	MIT	compatibile	Dipendenza transitiva: il progetto non l'ha scelta, la tira hast-util-to-estree, hast-util-to-jsx-runtime, mdast-util-mdx. La ragione della sua presenza e' quella del componente che la richiede.	https://github.com/fedcal/Telemedic/security/dependabot
mdast-util-phrasing	4.1.0	MIT	compatibile	Dipendenza transitiva: il progetto non l'ha scelta, la tira mdast-util-to-markdown. La ragione della sua presenza e' quella del componente che la richiede.	https://github.com/fedcal/Telemedic/security/dependabot
mdast-util-to-hast	13.2.1	MIT	compatibile	Dipendenza transitiva: il progetto non l'ha scelta, la tira hast-util-raw, react-markdown, remark-rehype. La ragione della sua presenza e' quella del componente che la richiede.	https://github.com/fedcal/Telemedic/security/dependabot
mdast-util-to-markdown	2.1.2	MIT	compatibile	Dipendenza transitiva: il progetto non l'ha scelta, la tira mdast-util-directive, mdast-util-frontmatter, mdast-util-gfm e altri 9. La ragione della sua presenza e' quella del componente che la richiede.	https://github.com/fedcal/Telemedic/security/dependabot
mdast-util-to-string	4.0.0	MIT	compatibile	Dipendenza transitiva: il progetto non l'ha scelta, la tira @docusaurus/mdx-loader, mdast-util-from-markdown, mdast-util-to-markdown. La ragione della sua presenza e' quella del componente che la richiede.	https://github.com/fedcal/Telemedic/security/dependabot
mdn-data	2.0.30	CC0-1.0	compatibile	Dipendenza transitiva: il progetto non l'ha scelta, la tira css-tree. La ragione della sua presenza e' quella del componente che la richiede.	https://github.com/fedcal/Telemedic/security/dependabot
media-typer	0.3.0	MIT	compatibile	Dipendenza transitiva: il progetto non l'ha scelta, la tira type-is. La ragione della sua presenza e' quella del componente che la richiede.	https://github.com/fedcal/Telemedic/security/dependabot
memfs	4.68.1	Apache-2.0	compatibile	Dipendenza transitiva: il progetto non l'ha scelta, la tira webpack-dev-middleware. La ragione della sua presenza e' quella del componente che la richiede.	https://github.com/fedcal/Telemedic/security/dependabot
merge-descriptors	1.0.3	MIT	compatibile	Dipendenza transitiva: il progetto non l'ha scelta, la tira express. La ragione della sua presenza e' quella del componente che la richiede.	https://github.com/fedcal/Telemedic/security/dependabot
merge-stream	2.0.0	MIT	compatibile	Dipendenza transitiva: il progetto non l'ha scelta, la tira execa, jest-worker. La ragione della sua presenza e' quella del componente che la richiede.	https://github.com/fedcal/Telemedic/security/dependabot
merge2	1.4.1	MIT	compatibile	Dipendenza transitiva: il progetto non l'ha scelta, la tira fast-glob, globby. La ragione della sua presenza e' quella del componente che la richiede.	https://github.com/fedcal/Telemedic/security/dependabot
mermaid	11.17.2	MIT	compatibile	Dipendenza transitiva: il progetto non l'ha scelta, la tira @docusaurus/theme-mermaid. La ragione della sua presenza e' quella del componente che la richiede.	https://github.com/fedcal/Telemedic/security/dependabot
methods	1.1.2	MIT	compatibile	Dipendenza transitiva: il progetto non l'ha scelta, la tira express. La ragione della sua presenza e' quella del componente che la richiede.	https://github.com/fedcal/Telemedic/security/dependabot
micromark	4.0.2	MIT	compatibile	Dipendenza transitiva: il progetto non l'ha scelta, la tira mdast-util-from-markdown. La ragione della sua presenza e' quella del componente che la richiede.	https://github.com/fedcal/Telemedic/security/dependabot
micromark-core-commonmark	2.0.3	MIT	compatibile	Dipendenza transitiva: il progetto non l'ha scelta, la tira micromark, micromark-extension-gfm-footnote, micromark-extension-mdxjs-esm. La ragione della sua presenza e' quella del componente che la richiede.	https://github.com/fedcal/Telemedic/security/dependabot
micromark-extension-directive	3.0.2	MIT	compatibile	Dipendenza transitiva: il progetto non l'ha scelta, la tira remark-directive. La ragione della sua presenza e' quella del componente che la richiede.	https://github.com/fedcal/Telemedic/security/dependabot
micromark-extension-frontmatter	2.0.0	MIT	compatibile	Dipendenza transitiva: il progetto non l'ha scelta, la tira mdast-util-frontmatter, remark-frontmatter. La ragione della sua presenza e' quella del componente che la richiede.	https://github.com/fedcal/Telemedic/security/dependabot
micromark-extension-gfm	3.0.0	MIT	compatibile	Dipendenza transitiva: il progetto non l'ha scelta, la tira remark-gfm. La ragione della sua presenza e' quella del componente che la richiede.	https://github.com/fedcal/Telemedic/security/dependabot
micromark-extension-gfm-autolink-literal	2.1.0	MIT	compatibile	Dipendenza transitiva: il progetto non l'ha scelta, la tira micromark-extension-gfm. La ragione della sua presenza e' quella del componente che la richiede.	https://github.com/fedcal/Telemedic/security/dependabot
micromark-extension-gfm-footnote	2.1.0	MIT	compatibile	Dipendenza transitiva: il progetto non l'ha scelta, la tira micromark-extension-gfm. La ragione della sua presenza e' quella del componente che la richiede.	https://github.com/fedcal/Telemedic/security/dependabot
micromark-extension-gfm-strikethrough	2.1.0	MIT	compatibile	Dipendenza transitiva: il progetto non l'ha scelta, la tira micromark-extension-gfm. La ragione della sua presenza e' quella del componente che la richiede.	https://github.com/fedcal/Telemedic/security/dependabot
micromark-extension-gfm-table	2.1.1	MIT	compatibile	Dipendenza transitiva: il progetto non l'ha scelta, la tira micromark-extension-gfm. La ragione della sua presenza e' quella del componente che la richiede.	https://github.com/fedcal/Telemedic/security/dependabot
micromark-extension-gfm-tagfilter	2.0.0	MIT	compatibile	Dipendenza transitiva: il progetto non l'ha scelta, la tira micromark-extension-gfm. La ragione della sua presenza e' quella del componente che la richiede.	https://github.com/fedcal/Telemedic/security/dependabot
micromark-extension-gfm-task-list-item	2.1.0	MIT	compatibile	Dipendenza transitiva: il progetto non l'ha scelta, la tira micromark-extension-gfm. La ragione della sua presenza e' quella del componente che la richiede.	https://github.com/fedcal/Telemedic/security/dependabot
micromark-extension-mdx-expression	3.0.1	MIT	compatibile	Dipendenza transitiva: il progetto non l'ha scelta, la tira micromark-extension-mdxjs. La ragione della sua presenza e' quella del componente che la richiede.	https://github.com/fedcal/Telemedic/security/dependabot
micromark-extension-mdx-jsx	3.0.2	MIT	compatibile	Dipendenza transitiva: il progetto non l'ha scelta, la tira micromark-extension-mdxjs. La ragione della sua presenza e' quella del componente che la richiede.	https://github.com/fedcal/Telemedic/security/dependabot
micromark-extension-mdx-md	2.0.0	MIT	compatibile	Dipendenza transitiva: il progetto non l'ha scelta, la tira micromark-extension-mdxjs. La ragione della sua presenza e' quella del componente che la richiede.	https://github.com/fedcal/Telemedic/security/dependabot
micromark-extension-mdxjs	3.0.0	MIT	compatibile	Dipendenza transitiva: il progetto non l'ha scelta, la tira remark-mdx. La ragione della sua presenza e' quella del componente che la richiede.	https://github.com/fedcal/Telemedic/security/dependabot
micromark-extension-mdxjs-esm	3.0.0	MIT	compatibile	Dipendenza transitiva: il progetto non l'ha scelta, la tira micromark-extension-mdxjs. La ragione della sua presenza e' quella del componente che la richiede.	https://github.com/fedcal/Telemedic/security/dependabot
micromark-factory-destination	2.0.1	MIT	compatibile	Dipendenza transitiva: il progetto non l'ha scelta, la tira micromark-core-commonmark. La ragione della sua presenza e' quella del componente che la richiede.	https://github.com/fedcal/Telemedic/security/dependabot
micromark-factory-label	2.0.1	MIT	compatibile	Dipendenza transitiva: il progetto non l'ha scelta, la tira micromark-core-commonmark. La ragione della sua presenza e' quella del componente che la richiede.	https://github.com/fedcal/Telemedic/security/dependabot
micromark-factory-mdx-expression	2.0.3	MIT	compatibile	Dipendenza transitiva: il progetto non l'ha scelta, la tira micromark-extension-mdx-expression, micromark-extension-mdx-jsx. La ragione della sua presenza e' quella del componente che la richiede.	https://github.com/fedcal/Telemedic/security/dependabot
micromark-factory-space	1.1.0	MIT	compatibile	Dipendenza transitiva: il progetto non l'ha scelta, la tira @slorber/remark-comment. La ragione della sua presenza e' quella del componente che la richiede.	https://github.com/fedcal/Telemedic/security/dependabot
micromark-factory-title	2.0.1	MIT	compatibile	Dipendenza transitiva: il progetto non l'ha scelta, la tira micromark-core-commonmark. La ragione della sua presenza e' quella del componente che la richiede.	https://github.com/fedcal/Telemedic/security/dependabot
micromark-factory-whitespace	2.0.1	MIT	compatibile	Dipendenza transitiva: il progetto non l'ha scelta, la tira micromark-core-commonmark, micromark-extension-directive. La ragione della sua presenza e' quella del componente che la richiede.	https://github.com/fedcal/Telemedic/security/dependabot
micromark-util-character	1.2.0	MIT	compatibile	Dipendenza transitiva: il progetto non l'ha scelta, la tira @slorber/remark-comment, micromark-factory-space. La ragione della sua presenza e' quella del componente che la richiede.	https://github.com/fedcal/Telemedic/security/dependabot
micromark-util-chunked	2.0.1	MIT	compatibile	Dipendenza transitiva: il progetto non l'ha scelta, la tira micromark, micromark-core-commonmark, micromark-extension-gfm-strikethrough e altri 2. La ragione della sua presenza e' quella del componente che la richiede.	https://github.com/fedcal/Telemedic/security/dependabot
micromark-util-classify-character	2.0.1	MIT	compatibile	Dipendenza transitiva: il progetto non l'ha scelta, la tira mdast-util-to-markdown, micromark-core-commonmark, micromark-extension-gfm-strikethrough. La ragione della sua presenza e' quella del componente che la richiede.	https://github.com/fedcal/Telemedic/security/dependabot
micromark-util-combine-extensions	2.0.1	MIT	compatibile	Dipendenza transitiva: il progetto non l'ha scelta, la tira micromark, micromark-extension-gfm, micromark-extension-mdxjs. La ragione della sua presenza e' quella del componente che la richiede.	https://github.com/fedcal/Telemedic/security/dependabot
micromark-util-decode-numeric-character-reference	2.0.2	MIT	compatibile	Dipendenza transitiva: il progetto non l'ha scelta, la tira mdast-util-from-markdown, micromark, micromark-util-decode-string. La ragione della sua presenza e' quella del componente che la richiede.	https://github.com/fedcal/Telemedic/security/dependabot
micromark-util-decode-string	2.0.1	MIT	compatibile	Dipendenza transitiva: il progetto non l'ha scelta, la tira mdast-util-from-markdown, mdast-util-to-markdown. La ragione della sua presenza e' quella del componente che la richiede.	https://github.com/fedcal/Telemedic/security/dependabot
micromark-util-encode	2.0.1	MIT	compatibile	Dipendenza transitiva: il progetto non l'ha scelta, la tira micromark, micromark-util-sanitize-uri. La ragione della sua presenza e' quella del componente che la richiede.	https://github.com/fedcal/Telemedic/security/dependabot
micromark-util-events-to-acorn	2.0.3	MIT	compatibile	Dipendenza transitiva: il progetto non l'ha scelta, la tira micromark-extension-mdx-expression, micromark-extension-mdx-jsx, micromark-extension-mdxjs-esm e altri 1. La ragione della sua presenza e' quella del componente che la richiede.	https://github.com/fedcal/Telemedic/security/dependabot
micromark-util-html-tag-name	2.0.1	MIT	compatibile	Dipendenza transitiva: il progetto non l'ha scelta, la tira micromark-core-commonmark. La ragione della sua presenza e' quella del componente che la richiede.	https://github.com/fedcal/Telemedic/security/dependabot
micromark-util-normalize-identifier	2.0.1	MIT	compatibile	Dipendenza transitiva: il progetto non l'ha scelta, la tira mdast-util-from-markdown, mdast-util-gfm-footnote, micromark e altri 2. La ragione della sua presenza e' quella del componente che la richiede.	https://github.com/fedcal/Telemedic/security/dependabot
micromark-util-resolve-all	2.0.1	MIT	compatibile	Dipendenza transitiva: il progetto non l'ha scelta, la tira micromark, micromark-core-commonmark, micromark-extension-gfm-strikethrough. La ragione della sua presenza e' quella del componente che la richiede.	https://github.com/fedcal/Telemedic/security/dependabot
micromark-util-sanitize-uri	2.0.1	MIT	compatibile	Dipendenza transitiva: il progetto non l'ha scelta, la tira mdast-util-to-hast, micromark, micromark-extension-gfm-autolink-literal e altri 1. La ragione della sua presenza e' quella del componente che la richiede.	https://github.com/fedcal/Telemedic/security/dependabot
micromark-util-subtokenize	2.1.0	MIT	compatibile	Dipendenza transitiva: il progetto non l'ha scelta, la tira micromark, micromark-core-commonmark. La ragione della sua presenza e' quella del componente che la richiede.	https://github.com/fedcal/Telemedic/security/dependabot
micromark-util-symbol	1.1.0	MIT	compatibile	Dipendenza transitiva: il progetto non l'ha scelta, la tira @slorber/remark-comment, micromark-util-character. La ragione della sua presenza e' quella del componente che la richiede.	https://github.com/fedcal/Telemedic/security/dependabot
micromark-util-types	2.0.2	MIT	compatibile	Dipendenza transitiva: il progetto non l'ha scelta, la tira mdast-util-from-markdown, micromark, micromark-core-commonmark e altri 25. La ragione della sua presenza e' quella del componente che la richiede.	https://github.com/fedcal/Telemedic/security/dependabot
micromatch	4.0.8	MIT	compatibile	Dipendenza transitiva: il progetto non l'ha scelta, la tira @docusaurus/utils, fast-glob, http-proxy-middleware. La ragione della sua presenza e' quella del componente che la richiede.	https://github.com/fedcal/Telemedic/security/dependabot
mime	1.6.0	MIT	compatibile	Dipendenza transitiva: il progetto non l'ha scelta, la tira send. La ragione della sua presenza e' quella del componente che la richiede.	https://github.com/fedcal/Telemedic/security/dependabot
mime-db	1.33.0	MIT	compatibile	Dipendenza transitiva: il progetto non l'ha scelta, la tira mime-types. La ragione della sua presenza e' quella del componente che la richiede.	https://github.com/fedcal/Telemedic/security/dependabot
mime-types	2.1.18	MIT	compatibile	Dipendenza transitiva: il progetto non l'ha scelta, la tira serve-handler. La ragione della sua presenza e' quella del componente che la richiede.	https://github.com/fedcal/Telemedic/security/dependabot
mimic-fn	2.1.0	MIT	compatibile	Dipendenza transitiva: il progetto non l'ha scelta, la tira onetime. La ragione della sua presenza e' quella del componente che la richiede.	https://github.com/fedcal/Telemedic/security/dependabot
mimic-response	4.0.0	MIT	compatibile	Dipendenza transitiva: il progetto non l'ha scelta, la tira cacheable-request. La ragione della sua presenza e' quella del componente che la richiede.	https://github.com/fedcal/Telemedic/security/dependabot
mini-css-extract-plugin	2.10.2	MIT	compatibile	Dipendenza transitiva: il progetto non l'ha scelta, la tira @docusaurus/bundler. La ragione della sua presenza e' quella del componente che la richiede.	https://github.com/fedcal/Telemedic/security/dependabot
minimalistic-assert	1.0.1	ISC	compatibile	Dipendenza transitiva: il progetto non l'ha scelta, la tira wbuf. La ragione della sua presenza e' quella del componente che la richiede.	https://github.com/fedcal/Telemedic/security/dependabot
minimatch	3.1.5	ISC	compatibile	Dipendenza transitiva: il progetto non l'ha scelta, la tira serve-handler. La ragione della sua presenza e' quella del componente che la richiede.	https://github.com/fedcal/Telemedic/security/dependabot
minimist	1.2.8	MIT	compatibile	Dipendenza transitiva: il progetto non l'ha scelta, la tira rc. La ragione della sua presenza e' quella del componente che la richiede.	https://github.com/fedcal/Telemedic/security/dependabot
minimizer-webpack-plugin	5.6.1	MIT	compatibile	Dipendenza transitiva: il progetto non l'ha scelta, la tira webpack. La ragione della sua presenza e' quella del componente che la richiede.	https://github.com/fedcal/Telemedic/security/dependabot
mrmime	2.0.1	MIT	compatibile	Dipendenza transitiva: il progetto non l'ha scelta, la tira sirv. La ragione della sua presenza e' quella del componente che la richiede.	https://github.com/fedcal/Telemedic/security/dependabot
ms	2.1.3	MIT	compatibile	Dipendenza transitiva: il progetto non l'ha scelta, la tira debug, send. La ragione della sua presenza e' quella del componente che la richiede.	https://github.com/fedcal/Telemedic/security/dependabot
multicast-dns	7.2.5	MIT	compatibile	Dipendenza transitiva: il progetto non l'ha scelta, la tira bonjour-service. La ragione della sua presenza e' quella del componente che la richiede.	https://github.com/fedcal/Telemedic/security/dependabot
nanoid	3.3.18	MIT	compatibile	Dipendenza transitiva: il progetto non l'ha scelta, la tira postcss. La ragione della sua presenza e' quella del componente che la richiede.	https://github.com/fedcal/Telemedic/security/dependabot
negotiator	0.6.4	MIT	compatibile	Dipendenza transitiva: il progetto non l'ha scelta, la tira compression. La ragione della sua presenza e' quella del componente che la richiede.	https://github.com/fedcal/Telemedic/security/dependabot
neo-async	2.6.2	MIT	compatibile	Dipendenza transitiva: il progetto non l'ha scelta, la tira webpack. La ragione della sua presenza e' quella del componente che la richiede.	https://github.com/fedcal/Telemedic/security/dependabot
no-case	3.0.4	MIT	compatibile	Dipendenza transitiva: il progetto non l'ha scelta, la tira dot-case, pascal-case. La ragione della sua presenza e' quella del componente che la richiede.	https://github.com/fedcal/Telemedic/security/dependabot
node-emoji	2.2.0	MIT	compatibile	Dipendenza transitiva: il progetto non l'ha scelta, la tira remark-emoji. La ragione della sua presenza e' quella del componente che la richiede.	https://github.com/fedcal/Telemedic/security/dependabot
node-releases	2.0.53	MIT	compatibile	Dipendenza transitiva: il progetto non l'ha scelta, la tira browserslist. La ragione della sua presenza e' quella del componente che la richiede.	https://github.com/fedcal/Telemedic/security/dependabot
normalize-path	3.0.0	MIT	compatibile	Dipendenza transitiva: il progetto non l'ha scelta, la tira anymatch, chokidar, copy-webpack-plugin. La ragione della sua presenza e' quella del componente che la richiede.	https://github.com/fedcal/Telemedic/security/dependabot
normalize-url	8.1.1	MIT	compatibile	Dipendenza transitiva: il progetto non l'ha scelta, la tira cacheable-request. La ragione della sua presenza e' quella del componente che la richiede.	https://github.com/fedcal/Telemedic/security/dependabot
npm-run-path	4.0.1	MIT	compatibile	Dipendenza transitiva: il progetto non l'ha scelta, la tira execa. La ragione della sua presenza e' quella del componente che la richiede.	https://github.com/fedcal/Telemedic/security/dependabot
nprogress	0.2.0	MIT	compatibile	Dipendenza transitiva: il progetto non l'ha scelta, la tira @docusaurus/theme-classic. La ragione della sua presenza e' quella del componente che la richiede.	https://github.com/fedcal/Telemedic/security/dependabot
nth-check	2.1.1	BSD-2-Clause	compatibile	Dipendenza transitiva: il progetto non l'ha scelta, la tira css-select. La ragione della sua presenza e' quella del componente che la richiede.	https://github.com/fedcal/Telemedic/security/dependabot
null-loader	4.0.1	MIT	compatibile	Dipendenza transitiva: il progetto non l'ha scelta, la tira @docusaurus/bundler. La ragione della sua presenza e' quella del componente che la richiede.	https://github.com/fedcal/Telemedic/security/dependabot
object-assign	4.1.1	MIT	compatibile	Dipendenza transitiva: il progetto non l'ha scelta, la tira prop-types. La ragione della sua presenza e' quella del componente che la richiede.	https://github.com/fedcal/Telemedic/security/dependabot
object-inspect	1.13.4	MIT	compatibile	Dipendenza transitiva: il progetto non l'ha scelta, la tira side-channel, side-channel-list, side-channel-map e altri 1. La ragione della sua presenza e' quella del componente che la richiede.	https://github.com/fedcal/Telemedic/security/dependabot
object-keys	1.1.1	MIT	compatibile	Dipendenza transitiva: il progetto non l'ha scelta, la tira define-properties, object.assign. La ragione della sua presenza e' quella del componente che la richiede.	https://github.com/fedcal/Telemedic/security/dependabot
object.assign	4.1.7	MIT	compatibile	Dipendenza transitiva: il progetto non l'ha scelta, la tira babel-plugin-dynamic-import-node. La ragione della sua presenza e' quella del componente che la richiede.	https://github.com/fedcal/Telemedic/security/dependabot
obuf	1.1.2	MIT	compatibile	Dipendenza transitiva: il progetto non l'ha scelta, la tira hpack.js, spdy-transport. La ragione della sua presenza e' quella del componente che la richiede.	https://github.com/fedcal/Telemedic/security/dependabot
on-finished	2.4.1	MIT	compatibile	Dipendenza transitiva: il progetto non l'ha scelta, la tira body-parser, express, finalhandler e altri 2. La ragione della sua presenza e' quella del componente che la richiede.	https://github.com/fedcal/Telemedic/security/dependabot
on-headers	1.1.0	MIT	compatibile	Dipendenza transitiva: il progetto non l'ha scelta, la tira compression. La ragione della sua presenza e' quella del componente che la richiede.	https://github.com/fedcal/Telemedic/security/dependabot
onetime	5.1.2	MIT	compatibile	Dipendenza transitiva: il progetto non l'ha scelta, la tira execa. La ragione della sua presenza e' quella del componente che la richiede.	https://github.com/fedcal/Telemedic/security/dependabot
open	8.4.2	MIT	compatibile	Dipendenza transitiva: il progetto non l'ha scelta, la tira @docusaurus/core. La ragione della sua presenza e' quella del componente che la richiede.	https://github.com/fedcal/Telemedic/security/dependabot
open-ask-ai	0.7.3	MIT	compatibile	Dipendenza transitiva: il progetto non l'ha scelta, la tira @easyops-cn/docusaurus-search-local. La ragione della sua presenza e' quella del componente che la richiede.	https://github.com/fedcal/Telemedic/security/dependabot
opener	1.5.2	(WTFPL OR MIT)	compatibile	Dipendenza transitiva: il progetto non l'ha scelta, la tira webpack-bundle-analyzer. La ragione della sua presenza e' quella del componente che la richiede.	https://github.com/fedcal/Telemedic/security/dependabot
p-cancelable	3.0.0	MIT	compatibile	Dipendenza transitiva: il progetto non l'ha scelta, la tira got. La ragione della sua presenza e' quella del componente che la richiede.	https://github.com/fedcal/Telemedic/security/dependabot
p-finally	1.0.0	MIT	compatibile	Dipendenza transitiva: il progetto non l'ha scelta, la tira p-timeout. La ragione della sua presenza e' quella del componente che la richiede.	https://github.com/fedcal/Telemedic/security/dependabot
p-limit	4.0.0	MIT	compatibile	Dipendenza transitiva: il progetto non l'ha scelta, la tira p-locate. La ragione della sua presenza e' quella del componente che la richiede.	https://github.com/fedcal/Telemedic/security/dependabot
p-locate	6.0.0	MIT	compatibile	Dipendenza transitiva: il progetto non l'ha scelta, la tira locate-path. La ragione della sua presenza e' quella del componente che la richiede.	https://github.com/fedcal/Telemedic/security/dependabot
p-map	4.0.0	MIT	compatibile	Dipendenza transitiva: il progetto non l'ha scelta, la tira @docusaurus/core. La ragione della sua presenza e' quella del componente che la richiede.	https://github.com/fedcal/Telemedic/security/dependabot
p-queue	6.6.2	MIT	compatibile	Dipendenza transitiva: il progetto non l'ha scelta, la tira @docusaurus/utils. La ragione della sua presenza e' quella del componente che la richiede.	https://github.com/fedcal/Telemedic/security/dependabot
p-retry	6.2.1	MIT	compatibile	Dipendenza transitiva: il progetto non l'ha scelta, la tira webpack-dev-server. La ragione della sua presenza e' quella del componente che la richiede.	https://github.com/fedcal/Telemedic/security/dependabot
p-timeout	3.2.0	MIT	compatibile	Dipendenza transitiva: il progetto non l'ha scelta, la tira p-queue. La ragione della sua presenza e' quella del componente che la richiede.	https://github.com/fedcal/Telemedic/security/dependabot
package-json	8.1.1	MIT	compatibile	Dipendenza transitiva: il progetto non l'ha scelta, la tira latest-version. La ragione della sua presenza e' quella del componente che la richiede.	https://github.com/fedcal/Telemedic/security/dependabot
package-manager-detector	1.8.0	MIT	compatibile	Dipendenza transitiva: il progetto non l'ha scelta, la tira @antfu/install-pkg. La ragione della sua presenza e' quella del componente che la richiede.	https://github.com/fedcal/Telemedic/security/dependabot
param-case	3.0.4	MIT	compatibile	Dipendenza transitiva: il progetto non l'ha scelta, la tira html-minifier-terser. La ragione della sua presenza e' quella del componente che la richiede.	https://github.com/fedcal/Telemedic/security/dependabot
parent-module	1.0.1	MIT	compatibile	Dipendenza transitiva: il progetto non l'ha scelta, la tira import-fresh. La ragione della sua presenza e' quella del componente che la richiede.	https://github.com/fedcal/Telemedic/security/dependabot
parse-entities	4.0.2	MIT	compatibile	Dipendenza transitiva: il progetto non l'ha scelta, la tira mdast-util-directive, mdast-util-mdx-jsx, micromark-extension-directive. La ragione della sua presenza e' quella del componente che la richiede.	https://github.com/fedcal/Telemedic/security/dependabot
parse-json	5.2.0	MIT	compatibile	Dipendenza transitiva: il progetto non l'ha scelta, la tira cosmiconfig. La ragione della sua presenza e' quella del componente che la richiede.	https://github.com/fedcal/Telemedic/security/dependabot
parse-numeric-range	1.3.0	ISC	compatibile	Dipendenza transitiva: il progetto non l'ha scelta, la tira @docusaurus/theme-common. La ragione della sua presenza e' quella del componente che la richiede.	https://github.com/fedcal/Telemedic/security/dependabot
parse5	7.3.0	MIT	compatibile	Dipendenza transitiva: il progetto non l'ha scelta, la tira cheerio, hast-util-raw, parse5-htmlparser2-tree-adapter e altri 1. La ragione della sua presenza e' quella del componente che la richiede.	https://github.com/fedcal/Telemedic/security/dependabot
parse5-htmlparser2-tree-adapter	7.1.0	MIT	compatibile	Dipendenza transitiva: il progetto non l'ha scelta, la tira cheerio. La ragione della sua presenza e' quella del componente che la richiede.	https://github.com/fedcal/Telemedic/security/dependabot
parse5-parser-stream	7.1.2	MIT	compatibile	Dipendenza transitiva senza genitore dichiarato nella distinta: presente nell'albero risolto, tirata da un componente che non la dichiara come dipendenza diretta.	https://github.com/fedcal/Telemedic/security/dependabot
parseurl	1.3.3	MIT	compatibile	Dipendenza transitiva: il progetto non l'ha scelta, la tira express, finalhandler, serve-index e altri 1. La ragione della sua presenza e' quella del componente che la richiede.	https://github.com/fedcal/Telemedic/security/dependabot
pascal-case	3.1.2	MIT	compatibile	Dipendenza transitiva: il progetto non l'ha scelta, la tira camel-case. La ragione della sua presenza e' quella del componente che la richiede.	https://github.com/fedcal/Telemedic/security/dependabot
path-data-parser	0.1.0	MIT	compatibile	Dipendenza transitiva: il progetto non l'ha scelta, la tira points-on-path, roughjs. La ragione della sua presenza e' quella del componente che la richiede.	https://github.com/fedcal/Telemedic/security/dependabot
path-exists	5.0.0	MIT	compatibile	Dipendenza transitiva: il progetto non l'ha scelta, la tira find-up. La ragione della sua presenza e' quella del componente che la richiede.	https://github.com/fedcal/Telemedic/security/dependabot
path-is-inside	1.0.2	(WTFPL OR MIT)	compatibile	Dipendenza transitiva: il progetto non l'ha scelta, la tira serve-handler. La ragione della sua presenza e' quella del componente che la richiede.	https://github.com/fedcal/Telemedic/security/dependabot
path-key	3.1.1	MIT	compatibile	Dipendenza transitiva: il progetto non l'ha scelta, la tira cross-spawn, npm-run-path. La ragione della sua presenza e' quella del componente che la richiede.	https://github.com/fedcal/Telemedic/security/dependabot
path-parse	1.0.7	MIT	compatibile	Dipendenza transitiva: il progetto non l'ha scelta, la tira resolve. La ragione della sua presenza e' quella del componente che la richiede.	https://github.com/fedcal/Telemedic/security/dependabot
path-to-regexp	1.9.0	MIT	compatibile	Dipendenza transitiva: il progetto non l'ha scelta, la tira react-router. La ragione della sua presenza e' quella del componente che la richiede.	https://github.com/fedcal/Telemedic/security/dependabot
path-type	4.0.0	MIT	compatibile	Dipendenza transitiva: il progetto non l'ha scelta, la tira cosmiconfig, dir-glob. La ragione della sua presenza e' quella del componente che la richiede.	https://github.com/fedcal/Telemedic/security/dependabot
picocolors	1.1.1	ISC	compatibile	Dipendenza transitiva: il progetto non l'ha scelta, la tira @babel/code-frame, autoprefixer, launch-editor e altri 5. La ragione della sua presenza e' quella del componente che la richiede.	https://github.com/fedcal/Telemedic/security/dependabot
picomatch	2.3.2	MIT	compatibile	Dipendenza transitiva: il progetto non l'ha scelta, la tira anymatch, jest-util, micromatch e altri 1. La ragione della sua presenza e' quella del componente che la richiede.	https://github.com/fedcal/Telemedic/security/dependabot
pkg-dir	7.0.0	MIT	compatibile	Dipendenza transitiva: il progetto non l'ha scelta, la tira find-cache-dir. La ragione della sua presenza e' quella del componente che la richiede.	https://github.com/fedcal/Telemedic/security/dependabot
pkijs	3.4.0	BSD-3-Clause	compatibile	Dipendenza transitiva: il progetto non l'ha scelta, la tira selfsigned. La ragione della sua presenza e' quella del componente che la richiede.	https://github.com/fedcal/Telemedic/security/dependabot
points-on-curve	0.2.0	MIT	compatibile	Dipendenza transitiva: il progetto non l'ha scelta, la tira points-on-path, roughjs. La ragione della sua presenza e' quella del componente che la richiede.	https://github.com/fedcal/Telemedic/security/dependabot
points-on-path	0.2.1	MIT	compatibile	Dipendenza transitiva: il progetto non l'ha scelta, la tira roughjs. La ragione della sua presenza e' quella del componente che la richiede.	https://github.com/fedcal/Telemedic/security/dependabot
postcss	8.5.26	MIT	compatibile	Dipendenza transitiva: il progetto non l'ha scelta, la tira @csstools/postcss-alpha-function, @csstools/postcss-cascade-layers, @csstools/postcss-color-function e altri 118. La ragione della sua presenza e' quella del componente che la richiede.	https://github.com/fedcal/Telemedic/security/dependabot
postcss-attribute-case-insensitive	7.0.1	MIT	compatibile	Dipendenza transitiva: il progetto non l'ha scelta, la tira postcss-preset-env. La ragione della sua presenza e' quella del componente che la richiede.	https://github.com/fedcal/Telemedic/security/dependabot
postcss-calc	9.0.1	MIT	compatibile	Dipendenza transitiva: il progetto non l'ha scelta, la tira cssnano-preset-default. La ragione della sua presenza e' quella del componente che la richiede.	https://github.com/fedcal/Telemedic/security/dependabot
postcss-clamp	4.1.0	MIT	compatibile	Dipendenza transitiva: il progetto non l'ha scelta, la tira postcss-preset-env. La ragione della sua presenza e' quella del componente che la richiede.	https://github.com/fedcal/Telemedic/security/dependabot
postcss-color-functional-notation	7.0.12	MIT-0	compatibile	Dipendenza transitiva: il progetto non l'ha scelta, la tira postcss-preset-env. La ragione della sua presenza e' quella del componente che la richiede.	https://github.com/fedcal/Telemedic/security/dependabot
postcss-color-hex-alpha	10.0.0	MIT	compatibile	Dipendenza transitiva: il progetto non l'ha scelta, la tira postcss-preset-env. La ragione della sua presenza e' quella del componente che la richiede.	https://github.com/fedcal/Telemedic/security/dependabot
postcss-color-rebeccapurple	10.0.0	MIT-0	compatibile	Dipendenza transitiva: il progetto non l'ha scelta, la tira postcss-preset-env. La ragione della sua presenza e' quella del componente che la richiede.	https://github.com/fedcal/Telemedic/security/dependabot
postcss-colormin	6.1.0	MIT	compatibile	Dipendenza transitiva: il progetto non l'ha scelta, la tira cssnano-preset-default. La ragione della sua presenza e' quella del componente che la richiede.	https://github.com/fedcal/Telemedic/security/dependabot
postcss-convert-values	6.1.0	MIT	compatibile	Dipendenza transitiva: il progetto non l'ha scelta, la tira cssnano-preset-default. La ragione della sua presenza e' quella del componente che la richiede.	https://github.com/fedcal/Telemedic/security/dependabot
postcss-custom-media	11.0.6	MIT	compatibile	Dipendenza transitiva: il progetto non l'ha scelta, la tira postcss-preset-env. La ragione della sua presenza e' quella del componente che la richiede.	https://github.com/fedcal/Telemedic/security/dependabot
postcss-custom-properties	14.0.6	MIT	compatibile	Dipendenza transitiva: il progetto non l'ha scelta, la tira postcss-preset-env. La ragione della sua presenza e' quella del componente che la richiede.	https://github.com/fedcal/Telemedic/security/dependabot
postcss-custom-selectors	8.0.5	MIT	compatibile	Dipendenza transitiva: il progetto non l'ha scelta, la tira postcss-preset-env. La ragione della sua presenza e' quella del componente che la richiede.	https://github.com/fedcal/Telemedic/security/dependabot
postcss-dir-pseudo-class	9.0.1	MIT-0	compatibile	Dipendenza transitiva: il progetto non l'ha scelta, la tira postcss-preset-env. La ragione della sua presenza e' quella del componente che la richiede.	https://github.com/fedcal/Telemedic/security/dependabot
postcss-discard-comments	6.0.2	MIT	compatibile	Dipendenza transitiva: il progetto non l'ha scelta, la tira cssnano-preset-default. La ragione della sua presenza e' quella del componente che la richiede.	https://github.com/fedcal/Telemedic/security/dependabot
postcss-discard-duplicates	6.0.3	MIT	compatibile	Dipendenza transitiva: il progetto non l'ha scelta, la tira cssnano-preset-default. La ragione della sua presenza e' quella del componente che la richiede.	https://github.com/fedcal/Telemedic/security/dependabot
postcss-discard-empty	6.0.3	MIT	compatibile	Dipendenza transitiva: il progetto non l'ha scelta, la tira cssnano-preset-default. La ragione della sua presenza e' quella del componente che la richiede.	https://github.com/fedcal/Telemedic/security/dependabot
postcss-discard-overridden	6.0.2	MIT	compatibile	Dipendenza transitiva: il progetto non l'ha scelta, la tira cssnano-preset-default. La ragione della sua presenza e' quella del componente che la richiede.	https://github.com/fedcal/Telemedic/security/dependabot
postcss-discard-unused	6.0.5	MIT	compatibile	Dipendenza transitiva: il progetto non l'ha scelta, la tira cssnano-preset-advanced. La ragione della sua presenza e' quella del componente che la richiede.	https://github.com/fedcal/Telemedic/security/dependabot
postcss-double-position-gradients	6.0.4	MIT-0	compatibile	Dipendenza transitiva: il progetto non l'ha scelta, la tira postcss-preset-env. La ragione della sua presenza e' quella del componente che la richiede.	https://github.com/fedcal/Telemedic/security/dependabot
postcss-focus-visible	10.0.1	MIT-0	compatibile	Dipendenza transitiva: il progetto non l'ha scelta, la tira postcss-preset-env. La ragione della sua presenza e' quella del componente che la richiede.	https://github.com/fedcal/Telemedic/security/dependabot
postcss-focus-within	9.0.1	MIT-0	compatibile	Dipendenza transitiva: il progetto non l'ha scelta, la tira postcss-preset-env. La ragione della sua presenza e' quella del componente che la richiede.	https://github.com/fedcal/Telemedic/security/dependabot
postcss-font-variant	5.0.0	MIT	compatibile	Dipendenza transitiva: il progetto non l'ha scelta, la tira postcss-preset-env. La ragione della sua presenza e' quella del componente che la richiede.	https://github.com/fedcal/Telemedic/security/dependabot
postcss-gap-properties	6.0.0	MIT-0	compatibile	Dipendenza transitiva: il progetto non l'ha scelta, la tira postcss-preset-env. La ragione della sua presenza e' quella del componente che la richiede.	https://github.com/fedcal/Telemedic/security/dependabot
postcss-image-set-function	7.0.0	MIT-0	compatibile	Dipendenza transitiva: il progetto non l'ha scelta, la tira postcss-preset-env. La ragione della sua presenza e' quella del componente che la richiede.	https://github.com/fedcal/Telemedic/security/dependabot
postcss-lab-function	7.0.12	MIT-0	compatibile	Dipendenza transitiva: il progetto non l'ha scelta, la tira postcss-preset-env. La ragione della sua presenza e' quella del componente che la richiede.	https://github.com/fedcal/Telemedic/security/dependabot
postcss-loader	7.3.4	MIT	compatibile	Dipendenza transitiva: il progetto non l'ha scelta, la tira @docusaurus/bundler. La ragione della sua presenza e' quella del componente che la richiede.	https://github.com/fedcal/Telemedic/security/dependabot
postcss-logical	8.1.0	MIT-0	compatibile	Dipendenza transitiva: il progetto non l'ha scelta, la tira postcss-preset-env. La ragione della sua presenza e' quella del componente che la richiede.	https://github.com/fedcal/Telemedic/security/dependabot
postcss-merge-idents	6.0.3	MIT	compatibile	Dipendenza transitiva: il progetto non l'ha scelta, la tira cssnano-preset-advanced. La ragione della sua presenza e' quella del componente che la richiede.	https://github.com/fedcal/Telemedic/security/dependabot
postcss-merge-longhand	6.0.5	MIT	compatibile	Dipendenza transitiva: il progetto non l'ha scelta, la tira cssnano-preset-default. La ragione della sua presenza e' quella del componente che la richiede.	https://github.com/fedcal/Telemedic/security/dependabot
postcss-merge-rules	6.1.1	MIT	compatibile	Dipendenza transitiva: il progetto non l'ha scelta, la tira cssnano-preset-default. La ragione della sua presenza e' quella del componente che la richiede.	https://github.com/fedcal/Telemedic/security/dependabot
postcss-minify-font-values	6.1.0	MIT	compatibile	Dipendenza transitiva: il progetto non l'ha scelta, la tira cssnano-preset-default. La ragione della sua presenza e' quella del componente che la richiede.	https://github.com/fedcal/Telemedic/security/dependabot
postcss-minify-gradients	6.0.3	MIT	compatibile	Dipendenza transitiva: il progetto non l'ha scelta, la tira cssnano-preset-default. La ragione della sua presenza e' quella del componente che la richiede.	https://github.com/fedcal/Telemedic/security/dependabot
postcss-minify-params	6.1.0	MIT	compatibile	Dipendenza transitiva: il progetto non l'ha scelta, la tira cssnano-preset-default. La ragione della sua presenza e' quella del componente che la richiede.	https://github.com/fedcal/Telemedic/security/dependabot
postcss-minify-selectors	6.0.4	MIT	compatibile	Dipendenza transitiva: il progetto non l'ha scelta, la tira cssnano-preset-default. La ragione della sua presenza e' quella del componente che la richiede.	https://github.com/fedcal/Telemedic/security/dependabot
postcss-modules-extract-imports	3.1.0	ISC	compatibile	Dipendenza transitiva: il progetto non l'ha scelta, la tira css-loader. La ragione della sua presenza e' quella del componente che la richiede.	https://github.com/fedcal/Telemedic/security/dependabot
postcss-modules-local-by-default	4.2.0	MIT	compatibile	Dipendenza transitiva: il progetto non l'ha scelta, la tira css-loader. La ragione della sua presenza e' quella del componente che la richiede.	https://github.com/fedcal/Telemedic/security/dependabot
postcss-modules-scope	3.2.1	ISC	compatibile	Dipendenza transitiva: il progetto non l'ha scelta, la tira css-loader. La ragione della sua presenza e' quella del componente che la richiede.	https://github.com/fedcal/Telemedic/security/dependabot
postcss-modules-values	4.0.0	ISC	compatibile	Dipendenza transitiva: il progetto non l'ha scelta, la tira css-loader. La ragione della sua presenza e' quella del componente che la richiede.	https://github.com/fedcal/Telemedic/security/dependabot
postcss-nesting	13.0.2	MIT-0	compatibile	Dipendenza transitiva: il progetto non l'ha scelta, la tira postcss-preset-env. La ragione della sua presenza e' quella del componente che la richiede.	https://github.com/fedcal/Telemedic/security/dependabot
postcss-normalize-charset	6.0.2	MIT	compatibile	Dipendenza transitiva: il progetto non l'ha scelta, la tira cssnano-preset-default. La ragione della sua presenza e' quella del componente che la richiede.	https://github.com/fedcal/Telemedic/security/dependabot
postcss-normalize-display-values	6.0.2	MIT	compatibile	Dipendenza transitiva: il progetto non l'ha scelta, la tira cssnano-preset-default. La ragione della sua presenza e' quella del componente che la richiede.	https://github.com/fedcal/Telemedic/security/dependabot
postcss-normalize-positions	6.0.2	MIT	compatibile	Dipendenza transitiva: il progetto non l'ha scelta, la tira cssnano-preset-default. La ragione della sua presenza e' quella del componente che la richiede.	https://github.com/fedcal/Telemedic/security/dependabot
postcss-normalize-repeat-style	6.0.2	MIT	compatibile	Dipendenza transitiva: il progetto non l'ha scelta, la tira cssnano-preset-default. La ragione della sua presenza e' quella del componente che la richiede.	https://github.com/fedcal/Telemedic/security/dependabot
postcss-normalize-string	6.0.2	MIT	compatibile	Dipendenza transitiva: il progetto non l'ha scelta, la tira cssnano-preset-default. La ragione della sua presenza e' quella del componente che la richiede.	https://github.com/fedcal/Telemedic/security/dependabot
postcss-normalize-timing-functions	6.0.2	MIT	compatibile	Dipendenza transitiva: il progetto non l'ha scelta, la tira cssnano-preset-default. La ragione della sua presenza e' quella del componente che la richiede.	https://github.com/fedcal/Telemedic/security/dependabot
postcss-normalize-unicode	6.1.0	MIT	compatibile	Dipendenza transitiva: il progetto non l'ha scelta, la tira cssnano-preset-default. La ragione della sua presenza e' quella del componente che la richiede.	https://github.com/fedcal/Telemedic/security/dependabot
postcss-normalize-url	6.0.2	MIT	compatibile	Dipendenza transitiva: il progetto non l'ha scelta, la tira cssnano-preset-default. La ragione della sua presenza e' quella del componente che la richiede.	https://github.com/fedcal/Telemedic/security/dependabot
postcss-normalize-whitespace	6.0.2	MIT	compatibile	Dipendenza transitiva: il progetto non l'ha scelta, la tira cssnano-preset-default. La ragione della sua presenza e' quella del componente che la richiede.	https://github.com/fedcal/Telemedic/security/dependabot
postcss-opacity-percentage	3.0.0	MIT	compatibile	Dipendenza transitiva: il progetto non l'ha scelta, la tira postcss-preset-env. La ragione della sua presenza e' quella del componente che la richiede.	https://github.com/fedcal/Telemedic/security/dependabot
postcss-ordered-values	6.0.2	MIT	compatibile	Dipendenza transitiva: il progetto non l'ha scelta, la tira cssnano-preset-default. La ragione della sua presenza e' quella del componente che la richiede.	https://github.com/fedcal/Telemedic/security/dependabot
postcss-overflow-shorthand	6.0.0	MIT-0	compatibile	Dipendenza transitiva: il progetto non l'ha scelta, la tira postcss-preset-env. La ragione della sua presenza e' quella del componente che la richiede.	https://github.com/fedcal/Telemedic/security/dependabot
postcss-page-break	3.0.4	MIT	compatibile	Dipendenza transitiva: il progetto non l'ha scelta, la tira postcss-preset-env. La ragione della sua presenza e' quella del componente che la richiede.	https://github.com/fedcal/Telemedic/security/dependabot
postcss-place	10.0.0	MIT-0	compatibile	Dipendenza transitiva: il progetto non l'ha scelta, la tira postcss-preset-env. La ragione della sua presenza e' quella del componente che la richiede.	https://github.com/fedcal/Telemedic/security/dependabot
postcss-preset-env	10.6.1	MIT-0	compatibile	Dipendenza transitiva: il progetto non l'ha scelta, la tira @docusaurus/bundler. La ragione della sua presenza e' quella del componente che la richiede.	https://github.com/fedcal/Telemedic/security/dependabot
postcss-pseudo-class-any-link	10.0.1	MIT-0	compatibile	Dipendenza transitiva: il progetto non l'ha scelta, la tira postcss-preset-env. La ragione della sua presenza e' quella del componente che la richiede.	https://github.com/fedcal/Telemedic/security/dependabot
postcss-reduce-idents	6.0.3	MIT	compatibile	Dipendenza transitiva: il progetto non l'ha scelta, la tira cssnano-preset-advanced. La ragione della sua presenza e' quella del componente che la richiede.	https://github.com/fedcal/Telemedic/security/dependabot
postcss-reduce-initial	6.1.0	MIT	compatibile	Dipendenza transitiva: il progetto non l'ha scelta, la tira cssnano-preset-default. La ragione della sua presenza e' quella del componente che la richiede.	https://github.com/fedcal/Telemedic/security/dependabot
postcss-reduce-transforms	6.0.2	MIT	compatibile	Dipendenza transitiva: il progetto non l'ha scelta, la tira cssnano-preset-default. La ragione della sua presenza e' quella del componente che la richiede.	https://github.com/fedcal/Telemedic/security/dependabot
postcss-replace-overflow-wrap	4.0.0	MIT	compatibile	Dipendenza transitiva: il progetto non l'ha scelta, la tira postcss-preset-env. La ragione della sua presenza e' quella del componente che la richiede.	https://github.com/fedcal/Telemedic/security/dependabot
postcss-selector-not	8.0.1	MIT	compatibile	Dipendenza transitiva: il progetto non l'ha scelta, la tira postcss-preset-env. La ragione della sua presenza e' quella del componente che la richiede.	https://github.com/fedcal/Telemedic/security/dependabot
postcss-selector-parser	6.1.4	MIT	compatibile	Dipendenza transitiva: il progetto non l'ha scelta, la tira postcss-calc, postcss-discard-unused, postcss-merge-rules e altri 3. La ragione della sua presenza e' quella del componente che la richiede.	https://github.com/fedcal/Telemedic/security/dependabot
postcss-sort-media-queries	5.2.0	MIT	compatibile	Dipendenza transitiva: il progetto non l'ha scelta, la tira @docusaurus/cssnano-preset. La ragione della sua presenza e' quella del componente che la richiede.	https://github.com/fedcal/Telemedic/security/dependabot
postcss-svgo	6.0.3	MIT	compatibile	Dipendenza transitiva: il progetto non l'ha scelta, la tira cssnano-preset-default. La ragione della sua presenza e' quella del componente che la richiede.	https://github.com/fedcal/Telemedic/security/dependabot
postcss-unique-selectors	6.0.4	MIT	compatibile	Dipendenza transitiva: il progetto non l'ha scelta, la tira cssnano-preset-default. La ragione della sua presenza e' quella del componente che la richiede.	https://github.com/fedcal/Telemedic/security/dependabot
postcss-value-parser	4.2.0	MIT	compatibile	Dipendenza transitiva: il progetto non l'ha scelta, la tira @csstools/postcss-font-format-keywords, @csstools/postcss-ic-unit, @csstools/postcss-logical-resize e altri 37. La ragione della sua presenza e' quella del componente che la richiede.	https://github.com/fedcal/Telemedic/security/dependabot
postcss-zindex	6.0.2	MIT	compatibile	Dipendenza transitiva: il progetto non l'ha scelta, la tira cssnano-preset-advanced. La ragione della sua presenza e' quella del componente che la richiede.	https://github.com/fedcal/Telemedic/security/dependabot
pretty-error	4.0.0	MIT	compatibile	Dipendenza transitiva: il progetto non l'ha scelta, la tira html-webpack-plugin. La ragione della sua presenza e' quella del componente che la richiede.	https://github.com/fedcal/Telemedic/security/dependabot
pretty-time	1.1.0	MIT	compatibile	Dipendenza transitiva: il progetto non l'ha scelta, la tira webpackbar. La ragione della sua presenza e' quella del componente che la richiede.	https://github.com/fedcal/Telemedic/security/dependabot
prismjs	1.30.0	MIT	compatibile	Dipendenza transitiva: il progetto non l'ha scelta, la tira @docusaurus/theme-classic. La ragione della sua presenza e' quella del componente che la richiede.	https://github.com/fedcal/Telemedic/security/dependabot
process-nextick-args	2.0.1	MIT	compatibile	Dipendenza transitiva senza genitore dichiarato nella distinta: presente nell'albero risolto, tirata da un componente che non la dichiara come dipendenza diretta.	https://github.com/fedcal/Telemedic/security/dependabot
prompts	2.4.2	MIT	compatibile	Dipendenza transitiva: il progetto non l'ha scelta, la tira @docusaurus/core, @docusaurus/utils. La ragione della sua presenza e' quella del componente che la richiede.	https://github.com/fedcal/Telemedic/security/dependabot
prop-types	15.8.1	MIT	compatibile	Dipendenza transitiva: il progetto non l'ha scelta, la tira @slorber/react-helmet-async, react-router, react-router-dom. La ragione della sua presenza e' quella del componente che la richiede.	https://github.com/fedcal/Telemedic/security/dependabot
property-information	7.2.0	MIT	compatibile	Dipendenza transitiva: il progetto non l'ha scelta, la tira hast-util-from-parse5, hast-util-to-estree, hast-util-to-jsx-runtime e altri 2. La ragione della sua presenza e' quella del componente che la richiede.	https://github.com/fedcal/Telemedic/security/dependabot
proto-list	1.2.4	ISC	compatibile	Dipendenza transitiva: il progetto non l'ha scelta, la tira config-chain. La ragione della sua presenza e' quella del componente che la richiede.	https://github.com/fedcal/Telemedic/security/dependabot
proxy-addr	2.0.7	MIT	compatibile	Dipendenza transitiva: il progetto non l'ha scelta, la tira express. La ragione della sua presenza e' quella del componente che la richiede.	https://github.com/fedcal/Telemedic/security/dependabot
punycode	2.3.1	MIT	compatibile	Dipendenza transitiva: il progetto non l'ha scelta, la tira uri-js. La ragione della sua presenza e' quella del componente che la richiede.	https://github.com/fedcal/Telemedic/security/dependabot
pupa	3.3.0	MIT	compatibile	Dipendenza transitiva: il progetto non l'ha scelta, la tira update-notifier. La ragione della sua presenza e' quella del componente che la richiede.	https://github.com/fedcal/Telemedic/security/dependabot
pvtsutils	1.3.6	MIT	compatibile	Dipendenza transitiva: il progetto non l'ha scelta, la tira @peculiar/x509, asn1js, pkijs. La ragione della sua presenza e' quella del componente che la richiede.	https://github.com/fedcal/Telemedic/security/dependabot
pvutils	1.2.0	MIT	compatibile	Dipendenza transitiva: il progetto non l'ha scelta, la tira asn1js, pkijs. La ragione della sua presenza e' quella del componente che la richiede.	https://github.com/fedcal/Telemedic/security/dependabot
qs	6.15.3	BSD-3-Clause	compatibile	Dipendenza transitiva: il progetto non l'ha scelta, la tira body-parser, express. La ragione della sua presenza e' quella del componente che la richiede.	https://github.com/fedcal/Telemedic/security/dependabot
queue-microtask	1.2.3	MIT	compatibile	Dipendenza transitiva: il progetto non l'ha scelta, la tira run-parallel. La ragione della sua presenza e' quella del componente che la richiede.	https://github.com/fedcal/Telemedic/security/dependabot
quick-lru	5.1.1	MIT	compatibile	Dipendenza transitiva: il progetto non l'ha scelta, la tira http2-wrapper. La ragione della sua presenza e' quella del componente che la richiede.	https://github.com/fedcal/Telemedic/security/dependabot
range-parser	1.2.0	MIT	compatibile	Dipendenza transitiva: il progetto non l'ha scelta, la tira serve-handler. La ragione della sua presenza e' quella del componente che la richiede.	https://github.com/fedcal/Telemedic/security/dependabot
raw-body	2.5.3	MIT	compatibile	Dipendenza transitiva: il progetto non l'ha scelta, la tira body-parser. La ragione della sua presenza e' quella del componente che la richiede.	https://github.com/fedcal/Telemedic/security/dependabot
rc	1.2.8	(BSD-2-Clause OR MIT OR Apache-2.0)	compatibile	Dipendenza transitiva: il progetto non l'ha scelta, la tira registry-url. La ragione della sua presenza e' quella del componente che la richiede.	https://github.com/fedcal/Telemedic/security/dependabot
react-fast-compare	3.2.2	MIT	compatibile	Dipendenza transitiva: il progetto non l'ha scelta, la tira @slorber/react-helmet-async. La ragione della sua presenza e' quella del componente che la richiede.	https://github.com/fedcal/Telemedic/security/dependabot
react-is	16.13.1	MIT	compatibile	Dipendenza transitiva: il progetto non l'ha scelta, la tira hoist-non-react-statics, prop-types, react-router. La ragione della sua presenza e' quella del componente che la richiede.	https://github.com/fedcal/Telemedic/security/dependabot
react-json-view-lite	2.5.0	MIT	compatibile	Dipendenza transitiva: il progetto non l'ha scelta, la tira @docusaurus/plugin-debug. La ragione della sua presenza e' quella del componente che la richiede.	https://github.com/fedcal/Telemedic/security/dependabot
react-loadable-ssr-addon-v5-slorber	1.0.3	MIT	compatibile	Dipendenza transitiva: il progetto non l'ha scelta, la tira @docusaurus/core. La ragione della sua presenza e' quella del componente che la richiede.	https://github.com/fedcal/Telemedic/security/dependabot
react-markdown	10.1.0	MIT	compatibile	Dipendenza transitiva: il progetto non l'ha scelta, la tira open-ask-ai. La ragione della sua presenza e' quella del componente che la richiede.	https://github.com/fedcal/Telemedic/security/dependabot
react-remove-scroll	2.7.2	MIT	compatibile	Dipendenza transitiva: il progetto non l'ha scelta, la tira @radix-ui/react-dialog. La ragione della sua presenza e' quella del componente che la richiede.	https://github.com/fedcal/Telemedic/security/dependabot
react-remove-scroll-bar	2.3.8	MIT	compatibile	Dipendenza transitiva: il progetto non l'ha scelta, la tira react-remove-scroll. La ragione della sua presenza e' quella del componente che la richiede.	https://github.com/fedcal/Telemedic/security/dependabot
react-router	5.3.4	MIT	compatibile	Dipendenza transitiva: il progetto non l'ha scelta, la tira @docusaurus/core, react-router-config, react-router-dom. La ragione della sua presenza e' quella del componente che la richiede.	https://github.com/fedcal/Telemedic/security/dependabot
react-router-config	5.1.1	MIT	compatibile	Dipendenza transitiva: il progetto non l'ha scelta, la tira @docusaurus/core. La ragione della sua presenza e' quella del componente che la richiede.	https://github.com/fedcal/Telemedic/security/dependabot
react-router-dom	5.3.4	MIT	compatibile	Dipendenza transitiva: il progetto non l'ha scelta, la tira @docusaurus/core, @docusaurus/theme-classic. La ragione della sua presenza e' quella del componente che la richiede.	https://github.com/fedcal/Telemedic/security/dependabot
react-style-singleton	2.2.3	MIT	compatibile	Dipendenza transitiva: il progetto non l'ha scelta, la tira react-remove-scroll, react-remove-scroll-bar. La ragione della sua presenza e' quella del componente che la richiede.	https://github.com/fedcal/Telemedic/security/dependabot
readable-stream	3.6.2	MIT	compatibile	Dipendenza transitiva: il progetto non l'ha scelta, la tira spdy-transport. La ragione della sua presenza e' quella del componente che la richiede.	https://github.com/fedcal/Telemedic/security/dependabot
readdirp	3.6.0	MIT	compatibile	Dipendenza transitiva: il progetto non l'ha scelta, la tira chokidar. La ragione della sua presenza e' quella del componente che la richiede.	https://github.com/fedcal/Telemedic/security/dependabot
recma-build-jsx	1.0.0	MIT	compatibile	Dipendenza transitiva: il progetto non l'ha scelta, la tira @mdx-js/mdx. La ragione della sua presenza e' quella del componente che la richiede.	https://github.com/fedcal/Telemedic/security/dependabot
recma-jsx	1.0.1	MIT	compatibile	Dipendenza transitiva: il progetto non l'ha scelta, la tira @mdx-js/mdx. La ragione della sua presenza e' quella del componente che la richiede.	https://github.com/fedcal/Telemedic/security/dependabot
recma-parse	1.0.0	MIT	compatibile	Dipendenza transitiva: il progetto non l'ha scelta, la tira recma-jsx. La ragione della sua presenza e' quella del componente che la richiede.	https://github.com/fedcal/Telemedic/security/dependabot
recma-stringify	1.0.0	MIT	compatibile	Dipendenza transitiva: il progetto non l'ha scelta, la tira @mdx-js/mdx, recma-jsx. La ragione della sua presenza e' quella del componente che la richiede.	https://github.com/fedcal/Telemedic/security/dependabot
reflect-metadata	0.2.2	Apache-2.0	compatibile	Dipendenza transitiva: il progetto non l'ha scelta, la tira @peculiar/x509. La ragione della sua presenza e' quella del componente che la richiede.	https://github.com/fedcal/Telemedic/security/dependabot
regenerate	1.4.2	MIT	compatibile	Dipendenza transitiva: il progetto non l'ha scelta, la tira regenerate-unicode-properties, regexpu-core. La ragione della sua presenza e' quella del componente che la richiede.	https://github.com/fedcal/Telemedic/security/dependabot
regenerate-unicode-properties	10.2.2	MIT	compatibile	Dipendenza transitiva: il progetto non l'ha scelta, la tira regexpu-core. La ragione della sua presenza e' quella del componente che la richiede.	https://github.com/fedcal/Telemedic/security/dependabot
regexpu-core	6.4.0	MIT	compatibile	Dipendenza transitiva: il progetto non l'ha scelta, la tira @babel/helper-create-regexp-features-plugin. La ragione della sua presenza e' quella del componente che la richiede.	https://github.com/fedcal/Telemedic/security/dependabot
registry-auth-token	5.1.1	MIT	compatibile	Dipendenza transitiva: il progetto non l'ha scelta, la tira package-json. La ragione della sua presenza e' quella del componente che la richiede.	https://github.com/fedcal/Telemedic/security/dependabot
registry-url	6.0.1	MIT	compatibile	Dipendenza transitiva: il progetto non l'ha scelta, la tira package-json. La ragione della sua presenza e' quella del componente che la richiede.	https://github.com/fedcal/Telemedic/security/dependabot
regjsgen	0.8.0	MIT	compatibile	Dipendenza transitiva: il progetto non l'ha scelta, la tira regexpu-core. La ragione della sua presenza e' quella del componente che la richiede.	https://github.com/fedcal/Telemedic/security/dependabot
regjsparser	0.13.2	BSD-2-Clause	compatibile	Dipendenza transitiva: il progetto non l'ha scelta, la tira regexpu-core. La ragione della sua presenza e' quella del componente che la richiede.	https://github.com/fedcal/Telemedic/security/dependabot
rehype-highlight	7.0.2	MIT	compatibile	Dipendenza transitiva: il progetto non l'ha scelta, la tira open-ask-ai. La ragione della sua presenza e' quella del componente che la richiede.	https://github.com/fedcal/Telemedic/security/dependabot
rehype-raw	7.0.0	MIT	compatibile	Dipendenza transitiva: il progetto non l'ha scelta, la tira @docusaurus/mdx-loader. La ragione della sua presenza e' quella del componente che la richiede.	https://github.com/fedcal/Telemedic/security/dependabot
rehype-recma	1.0.0	MIT	compatibile	Dipendenza transitiva: il progetto non l'ha scelta, la tira @mdx-js/mdx. La ragione della sua presenza e' quella del componente che la richiede.	https://github.com/fedcal/Telemedic/security/dependabot
relateurl	0.2.7	MIT	compatibile	Dipendenza transitiva: il progetto non l'ha scelta, la tira html-minifier-terser. La ragione della sua presenza e' quella del componente che la richiede.	https://github.com/fedcal/Telemedic/security/dependabot
remark-directive	3.0.1	MIT	compatibile	Dipendenza transitiva: il progetto non l'ha scelta, la tira @docusaurus/mdx-loader. La ragione della sua presenza e' quella del componente che la richiede.	https://github.com/fedcal/Telemedic/security/dependabot
remark-emoji	4.0.1	MIT	compatibile	Dipendenza transitiva: il progetto non l'ha scelta, la tira @docusaurus/mdx-loader. La ragione della sua presenza e' quella del componente che la richiede.	https://github.com/fedcal/Telemedic/security/dependabot
remark-frontmatter	5.0.0	MIT	compatibile	Dipendenza transitiva: il progetto non l'ha scelta, la tira @docusaurus/mdx-loader. La ragione della sua presenza e' quella del componente che la richiede.	https://github.com/fedcal/Telemedic/security/dependabot
remark-gfm	4.0.1	MIT	compatibile	Dipendenza transitiva: il progetto non l'ha scelta, la tira @docusaurus/mdx-loader, open-ask-ai. La ragione della sua presenza e' quella del componente che la richiede.	https://github.com/fedcal/Telemedic/security/dependabot
remark-mdx	3.1.1	MIT	compatibile	Dipendenza transitiva: il progetto non l'ha scelta, la tira @mdx-js/mdx. La ragione della sua presenza e' quella del componente che la richiede.	https://github.com/fedcal/Telemedic/security/dependabot
remark-parse	11.0.0	MIT	compatibile	Dipendenza transitiva: il progetto non l'ha scelta, la tira @mdx-js/mdx, react-markdown, remark-gfm. La ragione della sua presenza e' quella del componente che la richiede.	https://github.com/fedcal/Telemedic/security/dependabot
remark-rehype	11.1.2	MIT	compatibile	Dipendenza transitiva: il progetto non l'ha scelta, la tira @mdx-js/mdx, react-markdown. La ragione della sua presenza e' quella del componente che la richiede.	https://github.com/fedcal/Telemedic/security/dependabot
remark-stringify	11.0.0	MIT	compatibile	Dipendenza transitiva: il progetto non l'ha scelta, la tira remark-gfm. La ragione della sua presenza e' quella del componente che la richiede.	https://github.com/fedcal/Telemedic/security/dependabot
renderkid	3.0.0	MIT	compatibile	Dipendenza transitiva: il progetto non l'ha scelta, la tira pretty-error. La ragione della sua presenza e' quella del componente che la richiede.	https://github.com/fedcal/Telemedic/security/dependabot
require-from-string	2.0.2	MIT	compatibile	Dipendenza transitiva: il progetto non l'ha scelta, la tira ajv. La ragione della sua presenza e' quella del componente che la richiede.	https://github.com/fedcal/Telemedic/security/dependabot
require-like	0.1.2	NOLICENSE	indeterminabile	Dipendenza transitiva: il progetto non l'ha scelta, la tira eval. La ragione della sua presenza e' quella del componente che la richiede.	https://github.com/fedcal/Telemedic/security/dependabot
requires-port	1.0.0	MIT	compatibile	Dipendenza transitiva: il progetto non l'ha scelta, la tira http-proxy. La ragione della sua presenza e' quella del componente che la richiede.	https://github.com/fedcal/Telemedic/security/dependabot
resolve	1.22.12	MIT	compatibile	Dipendenza transitiva: il progetto non l'ha scelta, la tira @babel/helper-define-polyfill-provider. La ragione della sua presenza e' quella del componente che la richiede.	https://github.com/fedcal/Telemedic/security/dependabot
resolve-alpn	1.2.1	MIT	compatibile	Dipendenza transitiva: il progetto non l'ha scelta, la tira http2-wrapper. La ragione della sua presenza e' quella del componente che la richiede.	https://github.com/fedcal/Telemedic/security/dependabot
resolve-from	4.0.0	MIT	compatibile	Dipendenza transitiva: il progetto non l'ha scelta, la tira import-fresh. La ragione della sua presenza e' quella del componente che la richiede.	https://github.com/fedcal/Telemedic/security/dependabot
resolve-pathname	3.0.0	MIT	compatibile	Dipendenza transitiva: il progetto non l'ha scelta, la tira @docusaurus/utils, history. La ragione della sua presenza e' quella del componente che la richiede.	https://github.com/fedcal/Telemedic/security/dependabot
responselike	3.0.0	MIT	compatibile	Dipendenza transitiva: il progetto non l'ha scelta, la tira cacheable-request, got. La ragione della sua presenza e' quella del componente che la richiede.	https://github.com/fedcal/Telemedic/security/dependabot
retry	0.13.1	MIT	compatibile	Dipendenza transitiva: il progetto non l'ha scelta, la tira p-retry. La ragione della sua presenza e' quella del componente che la richiede.	https://github.com/fedcal/Telemedic/security/dependabot
reusify	1.1.0	MIT	compatibile	Dipendenza transitiva: il progetto non l'ha scelta, la tira fastq. La ragione della sua presenza e' quella del componente che la richiede.	https://github.com/fedcal/Telemedic/security/dependabot
robust-predicates	3.0.3	Unlicense	compatibile	Dipendenza transitiva: il progetto non l'ha scelta, la tira delaunator. La ragione della sua presenza e' quella del componente che la richiede.	https://github.com/fedcal/Telemedic/security/dependabot
roughjs	4.6.6	MIT	compatibile	Dipendenza transitiva: il progetto non l'ha scelta, la tira mermaid. La ragione della sua presenza e' quella del componente che la richiede.	https://github.com/fedcal/Telemedic/security/dependabot
rtlcss	4.3.0	MIT	compatibile	Dipendenza transitiva: il progetto non l'ha scelta, la tira @docusaurus/theme-classic. La ragione della sua presenza e' quella del componente che la richiede.	https://github.com/fedcal/Telemedic/security/dependabot
run-applescript	7.1.0	MIT	compatibile	Dipendenza transitiva: il progetto non l'ha scelta, la tira bundle-name. La ragione della sua presenza e' quella del componente che la richiede.	https://github.com/fedcal/Telemedic/security/dependabot
run-parallel	1.2.0	MIT	compatibile	Dipendenza transitiva: il progetto non l'ha scelta, la tira @nodelib/fs.scandir. La ragione della sua presenza e' quella del componente che la richiede.	https://github.com/fedcal/Telemedic/security/dependabot
rw	1.3.3	BSD-3-Clause	compatibile	Dipendenza transitiva: il progetto non l'ha scelta, la tira d3-dsv. La ragione della sua presenza e' quella del componente che la richiede.	https://github.com/fedcal/Telemedic/security/dependabot
safe-buffer	5.2.1	MIT	compatibile	Dipendenza transitiva: il progetto non l'ha scelta, la tira compression, express, string_decoder e altri 1. La ragione della sua presenza e' quella del componente che la richiede.	https://github.com/fedcal/Telemedic/security/dependabot
safer-buffer	2.1.2	MIT	compatibile	Dipendenza transitiva: il progetto non l'ha scelta, la tira iconv-lite. La ragione della sua presenza e' quella del componente che la richiede.	https://github.com/fedcal/Telemedic/security/dependabot
sax	1.6.1	BlueOak-1.0.0	compatibile	Dipendenza transitiva: il progetto non l'ha scelta, la tira sitemap, svgo, xml-js. La ragione della sua presenza e' quella del componente che la richiede.	https://github.com/fedcal/Telemedic/security/dependabot
scheduler	0.23.2	MIT	compatibile	Dipendenza transitiva: il progetto non l'ha scelta, la tira react-dom. La ragione della sua presenza e' quella del componente che la richiede.	https://github.com/fedcal/Telemedic/security/dependabot
schema-dts	1.1.5	Apache-2.0	compatibile	Dipendenza transitiva: il progetto non l'ha scelta, la tira @docusaurus/plugin-content-blog, @docusaurus/plugin-content-docs. La ragione della sua presenza e' quella del componente che la richiede.	https://github.com/fedcal/Telemedic/security/dependabot
schema-utils	4.3.3	MIT	compatibile	Dipendenza transitiva: il progetto non l'ha scelta, la tira babel-loader, copy-webpack-plugin, css-minimizer-webpack-plugin e altri 6. La ragione della sua presenza e' quella del componente che la richiede.	https://github.com/fedcal/Telemedic/security/dependabot
search-insights	2.17.3	MIT	compatibile	Dipendenza transitiva: il progetto non l'ha scelta, la tira @algolia/autocomplete-plugin-algolia-insights, @docsearch/react. La ragione della sua presenza e' quella del componente che la richiede.	https://github.com/fedcal/Telemedic/security/dependabot
section-matter	1.0.0	MIT	compatibile	Dipendenza transitiva: il progetto non l'ha scelta, la tira @11ty/gray-matter. La ragione della sua presenza e' quella del componente che la richiede.	https://github.com/fedcal/Telemedic/security/dependabot
select-hose	2.0.0	MIT	compatibile	Dipendenza transitiva: il progetto non l'ha scelta, la tira spdy. La ragione della sua presenza e' quella del componente che la richiede.	https://github.com/fedcal/Telemedic/security/dependabot
selfsigned	5.5.0	MIT	compatibile	Dipendenza transitiva: il progetto non l'ha scelta, la tira webpack-dev-server. La ragione della sua presenza e' quella del componente che la richiede.	https://github.com/fedcal/Telemedic/security/dependabot
semver	7.8.5	ISC	compatibile	Dipendenza transitiva: il progetto non l'ha scelta, la tira @docusaurus/core, css-loader, package-json e altri 3. La ragione della sua presenza e' quella del componente che la richiede.	https://github.com/fedcal/Telemedic/security/dependabot
semver-diff	4.0.0	MIT	compatibile	Dipendenza transitiva: il progetto non l'ha scelta, la tira update-notifier. La ragione della sua presenza e' quella del componente che la richiede.	https://github.com/fedcal/Telemedic/security/dependabot
send	0.19.2	MIT	compatibile	Dipendenza transitiva: il progetto non l'ha scelta, la tira express, serve-static. La ragione della sua presenza e' quella del componente che la richiede.	https://github.com/fedcal/Telemedic/security/dependabot
serialize-javascript	7.1.0	BSD-3-Clause	compatibile	Dipendenza transitiva: il progetto non l'ha scelta, la tira copy-webpack-plugin, css-minimizer-webpack-plugin. La ragione della sua presenza e' quella del componente che la richiede.	https://github.com/fedcal/Telemedic/security/dependabot
serve-handler	6.1.7	MIT	compatibile	Dipendenza transitiva: il progetto non l'ha scelta, la tira @docusaurus/core. La ragione della sua presenza e' quella del componente che la richiede.	https://github.com/fedcal/Telemedic/security/dependabot
serve-index	1.9.2	MIT	compatibile	Dipendenza transitiva: il progetto non l'ha scelta, la tira webpack-dev-server. La ragione della sua presenza e' quella del componente che la richiede.	https://github.com/fedcal/Telemedic/security/dependabot
serve-static	1.16.3	MIT	compatibile	Dipendenza transitiva: il progetto non l'ha scelta, la tira express. La ragione della sua presenza e' quella del componente che la richiede.	https://github.com/fedcal/Telemedic/security/dependabot
set-function-length	1.2.2	MIT	compatibile	Dipendenza transitiva: il progetto non l'ha scelta, la tira call-bind. La ragione della sua presenza e' quella del componente che la richiede.	https://github.com/fedcal/Telemedic/security/dependabot
setprototypeof	1.2.0	ISC	compatibile	Dipendenza transitiva: il progetto non l'ha scelta, la tira express, http-errors. La ragione della sua presenza e' quella del componente che la richiede.	https://github.com/fedcal/Telemedic/security/dependabot
shallow-clone	3.0.1	MIT	compatibile	Dipendenza transitiva: il progetto non l'ha scelta, la tira clone-deep. La ragione della sua presenza e' quella del componente che la richiede.	https://github.com/fedcal/Telemedic/security/dependabot
shallowequal	1.1.0	MIT	compatibile	Dipendenza transitiva: il progetto non l'ha scelta, la tira @slorber/react-helmet-async. La ragione della sua presenza e' quella del componente che la richiede.	https://github.com/fedcal/Telemedic/security/dependabot
shebang-command	2.0.0	MIT	compatibile	Dipendenza transitiva: il progetto non l'ha scelta, la tira cross-spawn. La ragione della sua presenza e' quella del componente che la richiede.	https://github.com/fedcal/Telemedic/security/dependabot
shebang-regex	3.0.0	MIT	compatibile	Dipendenza transitiva: il progetto non l'ha scelta, la tira shebang-command. La ragione della sua presenza e' quella del componente che la richiede.	https://github.com/fedcal/Telemedic/security/dependabot
shell-quote	1.10.0	MIT	compatibile	Dipendenza transitiva: il progetto non l'ha scelta, la tira launch-editor. La ragione della sua presenza e' quella del componente che la richiede.	https://github.com/fedcal/Telemedic/security/dependabot
side-channel	1.1.1	MIT	compatibile	Dipendenza transitiva: il progetto non l'ha scelta, la tira qs. La ragione della sua presenza e' quella del componente che la richiede.	https://github.com/fedcal/Telemedic/security/dependabot
side-channel-list	1.0.1	MIT	compatibile	Dipendenza transitiva: il progetto non l'ha scelta, la tira side-channel. La ragione della sua presenza e' quella del componente che la richiede.	https://github.com/fedcal/Telemedic/security/dependabot
side-channel-map	1.0.1	MIT	compatibile	Dipendenza transitiva: il progetto non l'ha scelta, la tira side-channel, side-channel-weakmap. La ragione della sua presenza e' quella del componente che la richiede.	https://github.com/fedcal/Telemedic/security/dependabot
side-channel-weakmap	1.0.2	MIT	compatibile	Dipendenza transitiva: il progetto non l'ha scelta, la tira side-channel. La ragione della sua presenza e' quella del componente che la richiede.	https://github.com/fedcal/Telemedic/security/dependabot
signal-exit	3.0.7	ISC	compatibile	Dipendenza transitiva: il progetto non l'ha scelta, la tira execa, write-file-atomic. La ragione della sua presenza e' quella del componente che la richiede.	https://github.com/fedcal/Telemedic/security/dependabot
sirv	2.0.4	MIT	compatibile	Dipendenza transitiva: il progetto non l'ha scelta, la tira webpack-bundle-analyzer. La ragione della sua presenza e' quella del componente che la richiede.	https://github.com/fedcal/Telemedic/security/dependabot
sisteransi	1.0.5	MIT	compatibile	Dipendenza transitiva: il progetto non l'ha scelta, la tira prompts. La ragione della sua presenza e' quella del componente che la richiede.	https://github.com/fedcal/Telemedic/security/dependabot
sitemap	7.1.3	MIT	compatibile	Dipendenza transitiva: il progetto non l'ha scelta, la tira @docusaurus/plugin-sitemap. La ragione della sua presenza e' quella del componente che la richiede.	https://github.com/fedcal/Telemedic/security/dependabot
skin-tone	2.0.0	MIT	compatibile	Dipendenza transitiva: il progetto non l'ha scelta, la tira node-emoji. La ragione della sua presenza e' quella del componente che la richiede.	https://github.com/fedcal/Telemedic/security/dependabot
slash	3.0.0	MIT	compatibile	Dipendenza transitiva: il progetto non l'ha scelta, la tira globby. La ragione della sua presenza e' quella del componente che la richiede.	https://github.com/fedcal/Telemedic/security/dependabot
snake-case	3.0.4	MIT	compatibile	Dipendenza transitiva: il progetto non l'ha scelta, la tira @svgr/core. La ragione della sua presenza e' quella del componente che la richiede.	https://github.com/fedcal/Telemedic/security/dependabot
sockjs	0.3.24	MIT	compatibile	Dipendenza transitiva: il progetto non l'ha scelta, la tira webpack-dev-server. La ragione della sua presenza e' quella del componente che la richiede.	https://github.com/fedcal/Telemedic/security/dependabot
sort-css-media-queries	2.2.0	MIT	compatibile	Dipendenza transitiva: il progetto non l'ha scelta, la tira postcss-sort-media-queries. La ragione della sua presenza e' quella del componente che la richiede.	https://github.com/fedcal/Telemedic/security/dependabot
source-map	0.7.6	BSD-3-Clause	compatibile	Dipendenza transitiva: il progetto non l'ha scelta, la tira @mdx-js/mdx, estree-util-to-js. La ragione della sua presenza e' quella del componente che la richiede.	https://github.com/fedcal/Telemedic/security/dependabot
source-map-js	1.2.1	BSD-3-Clause	compatibile	Dipendenza transitiva: il progetto non l'ha scelta, la tira css-tree, postcss. La ragione della sua presenza e' quella del componente che la richiede.	https://github.com/fedcal/Telemedic/security/dependabot
source-map-support	0.5.21	MIT	compatibile	Dipendenza transitiva: il progetto non l'ha scelta, la tira terser. La ragione della sua presenza e' quella del componente che la richiede.	https://github.com/fedcal/Telemedic/security/dependabot
space-separated-tokens	2.0.2	MIT	compatibile	Dipendenza transitiva: il progetto non l'ha scelta, la tira hast-util-to-estree, hast-util-to-jsx-runtime, hast-util-to-parse5 e altri 1. La ragione della sua presenza e' quella del componente che la richiede.	https://github.com/fedcal/Telemedic/security/dependabot
spdy	4.0.2	MIT	compatibile	Dipendenza transitiva: il progetto non l'ha scelta, la tira webpack-dev-server. La ragione della sua presenza e' quella del componente che la richiede.	https://github.com/fedcal/Telemedic/security/dependabot
spdy-transport	3.0.0	MIT	compatibile	Dipendenza transitiva: il progetto non l'ha scelta, la tira spdy. La ragione della sua presenza e' quella del componente che la richiede.	https://github.com/fedcal/Telemedic/security/dependabot
srcset	4.0.0	MIT	compatibile	Dipendenza transitiva: il progetto non l'ha scelta, la tira @docusaurus/plugin-content-blog. La ragione della sua presenza e' quella del componente che la richiede.	https://github.com/fedcal/Telemedic/security/dependabot
statuses	2.0.2	MIT	compatibile	Dipendenza transitiva: il progetto non l'ha scelta, la tira express, finalhandler, http-errors e altri 1. La ragione della sua presenza e' quella del componente che la richiede.	https://github.com/fedcal/Telemedic/security/dependabot
std-env	3.10.0	MIT	compatibile	Dipendenza transitiva: il progetto non l'ha scelta, la tira webpackbar. La ragione della sua presenza e' quella del componente che la richiede.	https://github.com/fedcal/Telemedic/security/dependabot
strictdom	1.0.1	MIT	compatibile	Dipendenza transitiva: il progetto non l'ha scelta, la tira fastdom. La ragione della sua presenza e' quella del componente che la richiede.	https://github.com/fedcal/Telemedic/security/dependabot
string-width	5.1.2	MIT	compatibile	Dipendenza transitiva: il progetto non l'ha scelta, la tira boxen, widest-line, wrap-ansi. La ragione della sua presenza e' quella del componente che la richiede.	https://github.com/fedcal/Telemedic/security/dependabot
string_decoder	1.3.0	MIT	compatibile	Dipendenza transitiva: il progetto non l'ha scelta, la tira readable-stream. La ragione della sua presenza e' quella del componente che la richiede.	https://github.com/fedcal/Telemedic/security/dependabot
stringify-entities	4.0.4	MIT	compatibile	Dipendenza transitiva: il progetto non l'ha scelta, la tira mdast-util-directive, mdast-util-mdx-jsx. La ragione della sua presenza e' quella del componente che la richiede.	https://github.com/fedcal/Telemedic/security/dependabot
stringify-object	3.3.0	BSD-2-Clause	compatibile	Dipendenza transitiva: il progetto non l'ha scelta, la tira @docusaurus/mdx-loader. La ragione della sua presenza e' quella del componente che la richiede.	https://github.com/fedcal/Telemedic/security/dependabot
strip-ansi	6.0.1	MIT	compatibile	Dipendenza transitiva: il progetto non l'ha scelta, la tira renderkid. La ragione della sua presenza e' quella del componente che la richiede.	https://github.com/fedcal/Telemedic/security/dependabot
strip-bom-string	1.0.0	MIT	compatibile	Dipendenza transitiva: il progetto non l'ha scelta, la tira @11ty/gray-matter. La ragione della sua presenza e' quella del componente che la richiede.	https://github.com/fedcal/Telemedic/security/dependabot
strip-final-newline	2.0.0	MIT	compatibile	Dipendenza transitiva: il progetto non l'ha scelta, la tira execa. La ragione della sua presenza e' quella del componente che la richiede.	https://github.com/fedcal/Telemedic/security/dependabot
strip-json-comments	3.1.1	MIT	compatibile	Dipendenza transitiva: il progetto non l'ha scelta, la tira rtlcss. La ragione della sua presenza e' quella del componente che la richiede.	https://github.com/fedcal/Telemedic/security/dependabot
style-to-js	1.1.21	MIT	compatibile	Dipendenza transitiva: il progetto non l'ha scelta, la tira hast-util-to-estree, hast-util-to-jsx-runtime. La ragione della sua presenza e' quella del componente che la richiede.	https://github.com/fedcal/Telemedic/security/dependabot
style-to-object	1.0.14	MIT	compatibile	Dipendenza transitiva: il progetto non l'ha scelta, la tira style-to-js. La ragione della sua presenza e' quella del componente che la richiede.	https://github.com/fedcal/Telemedic/security/dependabot
stylehacks	6.1.1	MIT	compatibile	Dipendenza transitiva: il progetto non l'ha scelta, la tira postcss-merge-longhand. La ragione della sua presenza e' quella del componente che la richiede.	https://github.com/fedcal/Telemedic/security/dependabot
stylis	4.4.0	MIT	compatibile	Dipendenza transitiva: il progetto non l'ha scelta, la tira mermaid. La ragione della sua presenza e' quella del componente che la richiede.	https://github.com/fedcal/Telemedic/security/dependabot
supports-color	7.2.0	MIT	compatibile	Dipendenza transitiva: il progetto non l'ha scelta, la tira chalk. La ragione della sua presenza e' quella del componente che la richiede.	https://github.com/fedcal/Telemedic/security/dependabot
supports-preserve-symlinks-flag	1.0.0	MIT	compatibile	Dipendenza transitiva: il progetto non l'ha scelta, la tira resolve. La ragione della sua presenza e' quella del componente che la richiede.	https://github.com/fedcal/Telemedic/security/dependabot
svg-parser	2.1.0	MIT	compatibile	Dipendenza transitiva: il progetto non l'ha scelta, la tira @svgr/plugin-jsx. La ragione della sua presenza e' quella del componente che la richiede.	https://github.com/fedcal/Telemedic/security/dependabot
svgo	3.3.5	MIT	compatibile	Dipendenza transitiva: il progetto non l'ha scelta, la tira @svgr/plugin-svgo, postcss-svgo. La ragione della sua presenza e' quella del componente che la richiede.	https://github.com/fedcal/Telemedic/security/dependabot
tapable	2.3.3	MIT	compatibile	Dipendenza transitiva: il progetto non l'ha scelta, la tira enhanced-resolve, html-webpack-plugin, mini-css-extract-plugin e altri 1. La ragione della sua presenza e' quella del componente che la richiede.	https://github.com/fedcal/Telemedic/security/dependabot
terser	5.50.0	BSD-2-Clause	compatibile	Dipendenza transitiva: il progetto non l'ha scelta, la tira html-minifier-terser, minimizer-webpack-plugin, terser-webpack-plugin. La ragione della sua presenza e' quella del componente che la richiede.	https://github.com/fedcal/Telemedic/security/dependabot
terser-webpack-plugin	5.6.1	MIT	compatibile	Dipendenza transitiva: il progetto non l'ha scelta, la tira @docusaurus/bundler. La ragione della sua presenza e' quella del componente che la richiede.	https://github.com/fedcal/Telemedic/security/dependabot
thingies	2.6.1	MIT	compatibile	Dipendenza transitiva: il progetto non l'ha scelta, la tira @jsonjoy.com/fs-core, @jsonjoy.com/fs-fsa, @jsonjoy.com/fs-node e altri 2. La ragione della sua presenza e' quella del componente che la richiede.	https://github.com/fedcal/Telemedic/security/dependabot
thunky	1.1.0	MIT	compatibile	Dipendenza transitiva: il progetto non l'ha scelta, la tira multicast-dns. La ragione della sua presenza e' quella del componente che la richiede.	https://github.com/fedcal/Telemedic/security/dependabot
tiny-invariant	1.3.3	MIT	compatibile	Dipendenza transitiva: il progetto non l'ha scelta, la tira history, react-router, react-router-dom. La ragione della sua presenza e' quella del componente che la richiede.	https://github.com/fedcal/Telemedic/security/dependabot
tiny-warning	1.0.3	MIT	compatibile	Dipendenza transitiva: il progetto non l'ha scelta, la tira history, react-router, react-router-dom. La ragione della sua presenza e' quella del componente che la richiede.	https://github.com/fedcal/Telemedic/security/dependabot
tinyexec	1.3.0	MIT	compatibile	Dipendenza transitiva: il progetto non l'ha scelta, la tira @antfu/install-pkg. La ragione della sua presenza e' quella del componente che la richiede.	https://github.com/fedcal/Telemedic/security/dependabot
tinypool	1.1.1	MIT	compatibile	Dipendenza transitiva: il progetto non l'ha scelta, la tira @docusaurus/core. La ragione della sua presenza e' quella del componente che la richiede.	https://github.com/fedcal/Telemedic/security/dependabot
to-regex-range	5.0.1	MIT	compatibile	Dipendenza transitiva: il progetto non l'ha scelta, la tira fill-range. La ragione della sua presenza e' quella del componente che la richiede.	https://github.com/fedcal/Telemedic/security/dependabot
toidentifier	1.0.1	MIT	compatibile	Dipendenza transitiva: il progetto non l'ha scelta, la tira http-errors. La ragione della sua presenza e' quella del componente che la richiede.	https://github.com/fedcal/Telemedic/security/dependabot
totalist	3.0.1	MIT	compatibile	Dipendenza transitiva: il progetto non l'ha scelta, la tira sirv. La ragione della sua presenza e' quella del componente che la richiede.	https://github.com/fedcal/Telemedic/security/dependabot
tree-dump	1.1.0	Apache-2.0	compatibile	Dipendenza transitiva: il progetto non l'ha scelta, la tira @jsonjoy.com/fs-print, @jsonjoy.com/json-pack, memfs. La ragione della sua presenza e' quella del componente che la richiede.	https://github.com/fedcal/Telemedic/security/dependabot
trim-lines	3.0.1	MIT	compatibile	Dipendenza transitiva: il progetto non l'ha scelta, la tira mdast-util-to-hast. La ragione della sua presenza e' quella del componente che la richiede.	https://github.com/fedcal/Telemedic/security/dependabot
trough	2.2.0	MIT	compatibile	Dipendenza transitiva: il progetto non l'ha scelta, la tira unified. La ragione della sua presenza e' quella del componente che la richiede.	https://github.com/fedcal/Telemedic/security/dependabot
ts-dedent	2.3.0	MIT	compatibile	Dipendenza transitiva: il progetto non l'ha scelta, la tira mermaid. La ragione della sua presenza e' quella del componente che la richiede.	https://github.com/fedcal/Telemedic/security/dependabot
tslib	2.8.1	0BSD	compatibile	Dipendenza transitiva: il progetto non l'ha scelta, la tira @docusaurus/babel, @docusaurus/bundler, @docusaurus/core e altri 72. La ragione della sua presenza e' quella del componente che la richiede.	https://github.com/fedcal/Telemedic/security/dependabot
tsyringe	4.10.0	MIT	compatibile	Dipendenza transitiva: il progetto non l'ha scelta, la tira @peculiar/x509. La ragione della sua presenza e' quella del componente che la richiede.	https://github.com/fedcal/Telemedic/security/dependabot
type-fest	2.19.0	(MIT OR CC0-1.0)	compatibile	Dipendenza transitiva: il progetto non l'ha scelta, la tira boxen. La ragione della sua presenza e' quella del componente che la richiede.	https://github.com/fedcal/Telemedic/security/dependabot
type-is	1.6.18	MIT	compatibile	Dipendenza transitiva: il progetto non l'ha scelta, la tira body-parser, express. La ragione della sua presenza e' quella del componente che la richiede.	https://github.com/fedcal/Telemedic/security/dependabot
typedarray-to-buffer	3.1.5	MIT	compatibile	Dipendenza transitiva: il progetto non l'ha scelta, la tira write-file-atomic. La ragione della sua presenza e' quella del componente che la richiede.	https://github.com/fedcal/Telemedic/security/dependabot
undici	7.29.0	MIT	compatibile	Dipendenza transitiva senza genitore dichiarato nella distinta: presente nell'albero risolto, tirata da un componente che non la dichiara come dipendenza diretta.	https://github.com/fedcal/Telemedic/security/dependabot
undici-types	8.3.0	MIT	compatibile	Dipendenza transitiva: il progetto non l'ha scelta, la tira @types/node. La ragione della sua presenza e' quella del componente che la richiede.	https://github.com/fedcal/Telemedic/security/dependabot
unicode-canonical-property-names-ecmascript	2.0.1	MIT	compatibile	Dipendenza transitiva: il progetto non l'ha scelta, la tira unicode-match-property-ecmascript. La ragione della sua presenza e' quella del componente che la richiede.	https://github.com/fedcal/Telemedic/security/dependabot
unicode-emoji-modifier-base	1.0.0	MIT	compatibile	Dipendenza transitiva: il progetto non l'ha scelta, la tira skin-tone. La ragione della sua presenza e' quella del componente che la richiede.	https://github.com/fedcal/Telemedic/security/dependabot
unicode-match-property-ecmascript	2.0.0	MIT	compatibile	Dipendenza transitiva: il progetto non l'ha scelta, la tira regexpu-core. La ragione della sua presenza e' quella del componente che la richiede.	https://github.com/fedcal/Telemedic/security/dependabot
unicode-match-property-value-ecmascript	2.2.1	MIT	compatibile	Dipendenza transitiva: il progetto non l'ha scelta, la tira regexpu-core. La ragione della sua presenza e' quella del componente che la richiede.	https://github.com/fedcal/Telemedic/security/dependabot
unicode-property-aliases-ecmascript	2.2.0	MIT	compatibile	Dipendenza transitiva: il progetto non l'ha scelta, la tira unicode-match-property-ecmascript. La ragione della sua presenza e' quella del componente che la richiede.	https://github.com/fedcal/Telemedic/security/dependabot
unified	11.0.5	MIT	compatibile	Dipendenza transitiva: il progetto non l'ha scelta, la tira @docusaurus/mdx-loader, @mdx-js/mdx, react-markdown e altri 10. La ragione della sua presenza e' quella del componente che la richiede.	https://github.com/fedcal/Telemedic/security/dependabot
unique-string	3.0.0	MIT	compatibile	Dipendenza transitiva: il progetto non l'ha scelta, la tira configstore. La ragione della sua presenza e' quella del componente che la richiede.	https://github.com/fedcal/Telemedic/security/dependabot
unist-util-find-after	5.0.0	MIT	compatibile	Dipendenza transitiva: il progetto non l'ha scelta, la tira hast-util-to-text. La ragione della sua presenza e' quella del componente che la richiede.	https://github.com/fedcal/Telemedic/security/dependabot
unist-util-is	6.0.1	MIT	compatibile	Dipendenza transitiva: il progetto non l'ha scelta, la tira mdast-util-find-and-replace, mdast-util-phrasing, unist-util-find-after e altri 2. La ragione della sua presenza e' quella del componente che la richiede.	https://github.com/fedcal/Telemedic/security/dependabot
unist-util-position	5.0.0	MIT	compatibile	Dipendenza transitiva: il progetto non l'ha scelta, la tira hast-util-raw, hast-util-to-estree, hast-util-to-jsx-runtime e altri 1. La ragione della sua presenza e' quella del componente che la richiede.	https://github.com/fedcal/Telemedic/security/dependabot
unist-util-position-from-estree	2.0.0	MIT	compatibile	Dipendenza transitiva: il progetto non l'ha scelta, la tira @mdx-js/mdx, esast-util-from-estree, micromark-extension-mdxjs-esm e altri 1. La ragione della sua presenza e' quella del componente che la richiede.	https://github.com/fedcal/Telemedic/security/dependabot
unist-util-stringify-position	4.0.0	MIT	compatibile	Dipendenza transitiva: il progetto non l'ha scelta, la tira @mdx-js/mdx, mdast-util-from-markdown, mdast-util-mdx-jsx e altri 1. La ragione della sua presenza e' quella del componente che la richiede.	https://github.com/fedcal/Telemedic/security/dependabot
unist-util-visit	5.1.0	MIT	compatibile	Dipendenza transitiva: il progetto non l'ha scelta, la tira @docusaurus/mdx-loader, @docusaurus/plugin-content-blog, @mdx-js/mdx e altri 5. La ragione della sua presenza e' quella del componente che la richiede.	https://github.com/fedcal/Telemedic/security/dependabot
unist-util-visit-parents	6.0.2	MIT	compatibile	Dipendenza transitiva: il progetto non l'ha scelta, la tira mdast-util-directive, mdast-util-find-and-replace, unist-util-visit. La ragione della sua presenza e' quella del componente che la richiede.	https://github.com/fedcal/Telemedic/security/dependabot
universalify	2.0.1	MIT	compatibile	Dipendenza transitiva: il progetto non l'ha scelta, la tira fs-extra, jsonfile. La ragione della sua presenza e' quella del componente che la richiede.	https://github.com/fedcal/Telemedic/security/dependabot
unpipe	1.0.0	MIT	compatibile	Dipendenza transitiva: il progetto non l'ha scelta, la tira body-parser, finalhandler, raw-body. La ragione della sua presenza e' quella del componente che la richiede.	https://github.com/fedcal/Telemedic/security/dependabot
update-browserslist-db	1.3.1	MIT	compatibile	Dipendenza transitiva: il progetto non l'ha scelta, la tira browserslist. La ragione della sua presenza e' quella del componente che la richiede.	https://github.com/fedcal/Telemedic/security/dependabot
update-notifier	6.0.2	BSD-2-Clause	compatibile	Dipendenza transitiva: il progetto non l'ha scelta, la tira @docusaurus/core. La ragione della sua presenza e' quella del componente che la richiede.	https://github.com/fedcal/Telemedic/security/dependabot
uri-js	4.4.1	BSD-2-Clause	compatibile	Dipendenza transitiva senza genitore dichiarato nella distinta: presente nell'albero risolto, tirata da un componente che non la dichiara come dipendenza diretta.	https://github.com/fedcal/Telemedic/security/dependabot
url-loader	4.1.1	MIT	compatibile	Dipendenza transitiva: il progetto non l'ha scelta, la tira @docusaurus/bundler, @docusaurus/mdx-loader, @docusaurus/utils. La ragione della sua presenza e' quella del componente che la richiede.	https://github.com/fedcal/Telemedic/security/dependabot
use-callback-ref	1.3.3	MIT	compatibile	Dipendenza transitiva: il progetto non l'ha scelta, la tira react-remove-scroll. La ragione della sua presenza e' quella del componente che la richiede.	https://github.com/fedcal/Telemedic/security/dependabot
use-sidecar	1.1.3	MIT	compatibile	Dipendenza transitiva: il progetto non l'ha scelta, la tira react-remove-scroll. La ragione della sua presenza e' quella del componente che la richiede.	https://github.com/fedcal/Telemedic/security/dependabot
util-deprecate	1.0.2	MIT	compatibile	Dipendenza transitiva: il progetto non l'ha scelta, la tira postcss-selector-parser, readable-stream. La ragione della sua presenza e' quella del componente che la richiede.	https://github.com/fedcal/Telemedic/security/dependabot
utila	0.4.0	MIT	compatibile	Dipendenza transitiva: il progetto non l'ha scelta, la tira dom-converter. La ragione della sua presenza e' quella del componente che la richiede.	https://github.com/fedcal/Telemedic/security/dependabot
utility-types	3.11.0	MIT	compatibile	Dipendenza transitiva: il progetto non l'ha scelta, la tira @docusaurus/plugin-content-blog, @docusaurus/plugin-content-docs, @docusaurus/theme-classic e altri 4. La ragione della sua presenza e' quella del componente che la richiede.	https://github.com/fedcal/Telemedic/security/dependabot
utils-merge	1.0.1	MIT	compatibile	Dipendenza transitiva: il progetto non l'ha scelta, la tira express. La ragione della sua presenza e' quella del componente che la richiede.	https://github.com/fedcal/Telemedic/security/dependabot
uuid	11.1.1	MIT	compatibile	Dipendenza transitiva: il progetto non l'ha scelta, la tira mermaid, sockjs. La ragione della sua presenza e' quella del componente che la richiede.	https://github.com/fedcal/Telemedic/security/dependabot
value-equal	1.0.1	MIT	compatibile	Dipendenza transitiva: il progetto non l'ha scelta, la tira history. La ragione della sua presenza e' quella del componente che la richiede.	https://github.com/fedcal/Telemedic/security/dependabot
vary	1.1.2	MIT	compatibile	Dipendenza transitiva: il progetto non l'ha scelta, la tira compression, express. La ragione della sua presenza e' quella del componente che la richiede.	https://github.com/fedcal/Telemedic/security/dependabot
vfile	6.0.3	MIT	compatibile	Dipendenza transitiva: il progetto non l'ha scelta, la tira @docusaurus/mdx-loader, @mdx-js/mdx, hast-util-from-parse5 e altri 11. La ragione della sua presenza e' quella del componente che la richiede.	https://github.com/fedcal/Telemedic/security/dependabot
vfile-location	5.0.3	MIT	compatibile	Dipendenza transitiva: il progetto non l'ha scelta, la tira hast-util-from-parse5. La ragione della sua presenza e' quella del componente che la richiede.	https://github.com/fedcal/Telemedic/security/dependabot
vfile-message	4.0.3	MIT	compatibile	Dipendenza transitiva: il progetto non l'ha scelta, la tira esast-util-from-js, hast-util-to-jsx-runtime, mdast-util-mdx-jsx e altri 5. La ragione della sua presenza e' quella del componente che la richiede.	https://github.com/fedcal/Telemedic/security/dependabot
watchpack	2.5.2	MIT	compatibile	Dipendenza transitiva: il progetto non l'ha scelta, la tira webpack. La ragione della sua presenza e' quella del componente che la richiede.	https://github.com/fedcal/Telemedic/security/dependabot
wbuf	1.7.3	MIT	compatibile	Dipendenza transitiva: il progetto non l'ha scelta, la tira hpack.js, spdy-transport. La ragione della sua presenza e' quella del componente che la richiede.	https://github.com/fedcal/Telemedic/security/dependabot
web-namespaces	2.0.1	MIT	compatibile	Dipendenza transitiva: il progetto non l'ha scelta, la tira hast-util-from-parse5, hast-util-raw, hast-util-to-parse5. La ragione della sua presenza e' quella del componente che la richiede.	https://github.com/fedcal/Telemedic/security/dependabot
webpack	5.109.2	MIT	compatibile	Dipendenza transitiva: il progetto non l'ha scelta, la tira @docusaurus/bundler, @docusaurus/core, @docusaurus/mdx-loader e altri 22. La ragione della sua presenza e' quella del componente che la richiede.	https://github.com/fedcal/Telemedic/security/dependabot
webpack-bundle-analyzer	4.10.2	MIT	compatibile	Dipendenza transitiva: il progetto non l'ha scelta, la tira @docusaurus/core. La ragione della sua presenza e' quella del componente che la richiede.	https://github.com/fedcal/Telemedic/security/dependabot
webpack-dev-middleware	7.4.5	MIT	compatibile	Dipendenza transitiva: il progetto non l'ha scelta, la tira webpack-dev-server. La ragione della sua presenza e' quella del componente che la richiede.	https://github.com/fedcal/Telemedic/security/dependabot
webpack-dev-server	5.2.6	MIT	compatibile	Dipendenza transitiva: il progetto non l'ha scelta, la tira @docusaurus/core. La ragione della sua presenza e' quella del componente che la richiede.	https://github.com/fedcal/Telemedic/security/dependabot
webpack-merge	6.0.1	MIT	compatibile	Dipendenza transitiva: il progetto non l'ha scelta, la tira @docusaurus/core. La ragione della sua presenza e' quella del componente che la richiede.	https://github.com/fedcal/Telemedic/security/dependabot
webpack-sources	3.5.1	MIT	compatibile	Dipendenza transitiva: il progetto non l'ha scelta, la tira webpack. La ragione della sua presenza e' quella del componente che la richiede.	https://github.com/fedcal/Telemedic/security/dependabot
webpackbar	7.0.0	MIT	compatibile	Dipendenza transitiva: il progetto non l'ha scelta, la tira @docusaurus/bundler. La ragione della sua presenza e' quella del componente che la richiede.	https://github.com/fedcal/Telemedic/security/dependabot
websocket-driver	0.7.5	Apache-2.0	compatibile	Dipendenza transitiva: il progetto non l'ha scelta, la tira faye-websocket, sockjs. La ragione della sua presenza e' quella del componente che la richiede.	https://github.com/fedcal/Telemedic/security/dependabot
websocket-extensions	0.1.4	Apache-2.0	compatibile	Dipendenza transitiva: il progetto non l'ha scelta, la tira websocket-driver. La ragione della sua presenza e' quella del componente che la richiede.	https://github.com/fedcal/Telemedic/security/dependabot
whatwg-encoding	3.1.1	MIT	compatibile	Dipendenza transitiva: il progetto non l'ha scelta, la tira encoding-sniffer. La ragione della sua presenza e' quella del componente che la richiede.	https://github.com/fedcal/Telemedic/security/dependabot
whatwg-mimetype	4.0.0	MIT	compatibile	Dipendenza transitiva senza genitore dichiarato nella distinta: presente nell'albero risolto, tirata da un componente che non la dichiara come dipendenza diretta.	https://github.com/fedcal/Telemedic/security/dependabot
which	2.0.2	ISC	compatibile	Dipendenza transitiva: il progetto non l'ha scelta, la tira cross-spawn. La ragione della sua presenza e' quella del componente che la richiede.	https://github.com/fedcal/Telemedic/security/dependabot
widest-line	4.0.1	MIT	compatibile	Dipendenza transitiva: il progetto non l'ha scelta, la tira boxen. La ragione della sua presenza e' quella del componente che la richiede.	https://github.com/fedcal/Telemedic/security/dependabot
wildcard	2.0.1	MIT	compatibile	Dipendenza transitiva: il progetto non l'ha scelta, la tira webpack-merge. La ragione della sua presenza e' quella del componente che la richiede.	https://github.com/fedcal/Telemedic/security/dependabot
wrap-ansi	8.1.0	MIT	compatibile	Dipendenza transitiva: il progetto non l'ha scelta, la tira boxen. La ragione della sua presenza e' quella del componente che la richiede.	https://github.com/fedcal/Telemedic/security/dependabot
write-file-atomic	3.0.3	ISC	compatibile	Dipendenza transitiva: il progetto non l'ha scelta, la tira configstore. La ragione della sua presenza e' quella del componente che la richiede.	https://github.com/fedcal/Telemedic/security/dependabot
ws	7.5.13	MIT	compatibile	Dipendenza transitiva: il progetto non l'ha scelta, la tira webpack-bundle-analyzer. La ragione della sua presenza e' quella del componente che la richiede.	https://github.com/fedcal/Telemedic/security/dependabot
wsl-utils	0.1.0	MIT	compatibile	Dipendenza transitiva senza genitore dichiarato nella distinta: presente nell'albero risolto, tirata da un componente che non la dichiara come dipendenza diretta.	https://github.com/fedcal/Telemedic/security/dependabot
xdg-basedir	5.1.0	MIT	compatibile	Dipendenza transitiva: il progetto non l'ha scelta, la tira configstore, update-notifier. La ragione della sua presenza e' quella del componente che la richiede.	https://github.com/fedcal/Telemedic/security/dependabot
xml-js	1.6.11	MIT	compatibile	Dipendenza transitiva: il progetto non l'ha scelta, la tira feed. La ragione della sua presenza e' quella del componente che la richiede.	https://github.com/fedcal/Telemedic/security/dependabot
yallist	3.1.1	ISC	compatibile	Dipendenza transitiva: il progetto non l'ha scelta, la tira lru-cache. La ragione della sua presenza e' quella del componente che la richiede.	https://github.com/fedcal/Telemedic/security/dependabot
yocto-queue	1.2.2	MIT	compatibile	Dipendenza transitiva: il progetto non l'ha scelta, la tira p-limit. La ragione della sua presenza e' quella del componente che la richiede.	https://github.com/fedcal/Telemedic/security/dependabot
zwitch	2.0.4	MIT	compatibile	Dipendenza transitiva: il progetto non l'ha scelta, la tira hast-util-raw, hast-util-to-estree, hast-util-to-parse5 e altri 1. La ragione della sua presenza e' quella del componente che la richiede.	https://github.com/fedcal/Telemedic/security/dependabot
